food_code,super_category,category_code,food_number,caption_count,sample_caption_1,sample_caption_2,sample_caption_3
BK01_001,BK,BK01,001,59,"접시에 담긴 참깨가 뿌려진 치즈, 고기로 만들어진 옅은 갈색의 더블 치즈 스테이크 클럽 두조각이 있다","옅은 갈색의 더블 치즈 스테이크 클럽이 검은깨, 참깨가 뿌려진 치즈, 고기로 만들어져 접시에 담겨 있다","접시에 고기, 치즈가 들어있는 두조각의 옅은 갈색의 더블 치즈 스테이크 클럽이 담겨있다"
BK01_002,BK,BK01,002,71,"접시에 담긴 카츠, 양상추, 빵으로 만든 연한 노란색의 매콤치폴레카츠 blt가 있다","깨가 뿌려진 연한 노란색의 식빵과 양상추, 베이컨으로 만든 매콤치폴레카츠 blt가 접시에 담겨 있다","연두색 양상추와 카츠, 파슬리가 뿌려진 식빵으로 만든 매콤치폴레카츠 blt가 접시에 있다"
BK01_003,BK,BK01,003,72,"접시에 담긴 햄, 치즈, 샐러드, 계란이 들어간 연한 갈색의 그릴드 불고기 햄치즈 샌드위치가 있다","접시에 담긴 파슬리, 햄, 노란색 치즈, 샐러드, 계란이 들어간 연한 갈색의 그릴드 불고기 햄치즈 샌드위치가 있다","접시에 담긴 검정색 깨, 햄, 치즈, 샐러드, 계란이 들어간 연한 갈색의 그릴드 불고기 햄치즈 샌드위치가 있다"
BK01_004,BK,BK01,004,59,"접시에 담긴 계란, 샐러드, 치즈가 들어간 연한 노란색의 더블치즈 에그샌드가 있다","접시에 담긴 파슬리, 계란, 샐러드, 치즈가 들어간 연한 노란색의 더블치즈 에그샌드가 있다","계란, 샐러드, 치즈가 들어간 연한 노란색의 더블치즈 에그샌드가 접시에 담겨 있다"
BK01_005,BK,BK01,005,87,"접시에 베이글, 베이컨, 치즈가 들어간 진한 갈색의 베이컨 베이글샌드위치가 담겨 있다","치즈, 베이글, 베이컨, 깨가 들어간 진한 갈색의 베이컨 베이글샌드위치가 접시에 담겨 있다","접시에 베이글, 베이컨, 치즈, 파슬리가 들어간 진한 갈색의 베이컨 베이글샌드위치가 담겨 있다"
BK01_006,BK,BK01,006,60,"접시에 담긴 진한 갈색의 블랙소이소스,계란,양상추가 들어간 블랙소이소스 에그베네딕트가 있다","접시에 담긴 진한 노란색의 치즈, 블랙소이소스,양상추 쪽파가 들어간 블랙소이소스 에그베네딕트가 있다","진한 갈색의 블랙소이소스,계란,양상추가 들어간 블랙소이소스 에그베네딕트가 접시에 있다"
BK01_007,BK,BK01,007,79,"접시에 담긴 진한 보라색의 블루베리,양상추,빵으로 만든 블루베리 크로와상 샌드위치가 있다","접시에 담긴 연한 갈색의 깨,블루베리,양상추,빵으로 만든 블루베리 크로와상 샌드위치가 있다","진한 녹색의 파슬리를 뿌린 양상추,블루베리로 만든 블루베리 크로와상 샌드위치가 접시에 있다"
BK01_008,BK,BK01,008,90,"접시에 담긴 빵, 베이컨, 샐러드가 들어간 옅은 갈색의 치아바타 베이컨 샌드위치가 견과류믹스, 체리와 있다","접시에 담긴 빵, 베이컨, 샐러드, 소스가 들어간 옅은 갈색의 치아바타 베이컨 샌드위치가 견과류믹스, 체리와 있다","접시에 담긴 빵, 베이컨, 샐러드, 파슬리가 들어간 옅은 갈색의 치아바타 베이컨 샌드위치가 견과류믹스, 체리와 있다"
BK01_009,BK,BK01,009,60,"초록색 파슬리, 베이컨, 치즈, 식빵이 들어간 연한 노란색의 허니오트 베이컨 크로크무슈가 접시에 담겨 있다","베이컨, 노란색 치즈, 식빵이 들어간 연한 노란색의 허니오트 베이컨 크로크무슈가 접시에 담겨 있다","베이컨, 치즈, 식빵이 들어간 연한 노란색의 허니오트 베이컨 크로크무슈가 접시에 담겨  있다"
BK01_010,BK,BK01,010,60,"접시에 담긴 연한 분홍색의 베이컨, 밀가루, 소금이 들어간 롱베이컨 파니니가 있다","연한 분홍색의 베이컨, 밀가루, 소금으로 만들어져 참깨가 뿌려진 롱베이컨 파니니가 접시에 담겨 있다","프라이팬에 담긴 연한 분홍색의 베이컨, 밀가루, 소금이 들어간 롱베이컨 파니니가 있다"
BK02_001,BK,BK02,001,97,"접시에 밀가루, 초콜릿이 들어간 짙은 갈색의 딥초콜릿 플래인베이글이 담겨 있다","접시에 치즈가 올라가고 밀가루, 초콜릿이 들어간 짙은 갈색의 딥초콜릿 플래인베이글이 담겨 있다","견과류믹스, 해바라기씨와 접시에 담긴 치즈가 올라가고 밀가루, 초콜릿이 들어간 짙은 갈색의 딥초콜릿 플래인베이글이 있다"
BK02_002,BK,BK02,002,85,"빵, 블루베리, 소스가 들어간 짙은 갈색의 더블 딥 인 블루베리베이글이 접시에 있다","접시에 밀가루, 블루베리, 파슬리가 들어간 짙은 갈색의 더블 딥 인 블루베리베이글이 담겨 있다","밀가루, 블루베리, 검은깨가 들어간 짙은 갈색의 더블 딥 인 블루베리베이글이 접시에 담겨 있다"
BK02_003,BK,BK02,003,77,"접시에 담긴 딸기잼, 버터, 팥이 들어간 연한 갈색의 딸기잼 앙버터 베이글이 있다","접시에 담긴 파슬리, 딸기잼, 버터, 팥이 들어간 연한 갈색의 딸기잼 앙버터 베이글이 있다","접시에 담긴 깨, 딸기잼, 버터, 팥이 들어간 연한 갈색의 딸기잼 앙버터 베이글이 있다"
BK02_004,BK,BK02,004,80,"접시에 크림치즈, 무화과, 베이글이 들어간 연한 갈색의 무화과 크림치즈베이글이 있다","크림치즈, 무화과, 베이글로 만들어져 파슬리가루가 뿌려진 연한 갈색의 무화과 크림치즈베이글이 접시에 담겨 있다","크림치즈, 무화과, 베이글이 들어간 연한 갈색의 무화과 크림치즈베이글이 접시에 담겨 있다"
BK03_001,BK,BK03,001,68,"접시에 담긴 깨를 뿌린 진한 하얀색의 크림,도넛으로 만든 사워크림 그레이즈도넛이 있다","접시에 담긴 파슬리를 뿌린 진한 하얀색의 크림,도넛으로 만든 사워크림 그레이즈도넛이 있다","접시에 담긴 진한 하얀색의 크림,도넛으로 만든 사워크림 그레이즈도넛이 있다"
BK03_002,BK,BK03,002,67,접시 위에 밀가루로 만들어 녹차분말을 바른 연한 노란색의 녹차 꽈배기도넛이 있다,녹차분말을 바른 연한 노란색의 녹차 꽈배기도넛이 밀가루로 만들어져 접시 위에 있다,접시에 연한 노란색의 녹차 꽈배기도넛을 밀가루로 만들어 녹차분말을 발라 녹차가루를 뿌려 담겨 있다
BK03_003,BK,BK03,003,60,"접시에 계란후라이가 올라가고 빵가루, 소시지, 아몬드가 들어간 가니쉬아몬드 소시지도넛이 담겨 있다","접시에 빵가루, 소시지, 아몬드가 들어간 가니쉬아몬드 소시지도넛이 담겨 있다","계란후라이가 올라가고 빵가루, 소시지, 아몬드가 들어간 가니쉬아몬드 소시지도넛이 접시에 담겨 있다"
BK03_004,BK,BK03,004,60,그릇에 담긴 갈색의 땅콩버터 찹쌀도넛 세개가 밀가루로 만들어 땅콩버터가 올려져 있다,"그릇에 밀가루로 만든 도넛에 땅콩버터, 검은깨를 올린 갈색의 땅콩버터 찹쌀도넛 세개가 있다",밀가루로 만든 도넛에 땅콩버터를 올린 갈색의 땅콩버터 찹쌀도넛 세개가 접시에 담겨 있다
BK03_005,BK,BK03,005,32,짙은 갈색 다크현미 일반 깨찰도넛이 접시에 담겨 있다,접시에 담긴 짙은 갈색 다크현미 일반 깨찰도넛이 있다,접시에 담긴 파슬리를 뿌린 짙은 노란색의 쫀득치즈 일반 깨찰도넛이 있다
BK03_006,BK,BK03,006,72,접시에 밀가루로 만든 말차 츄러스 두조각에 말차분말을 발라 담겨 있다,밀가루로 만든 말차 츄러스 두조각에 말차분말을 바르고 말차가루를 뿌려 접시에 담겨 있다,접시에 담긴 밀가루로 만든 말차 츄러스 두조각에 말차분말을 바르고 검은깨가 뿌려져있다
BK03_007,BK,BK03,007,56,접시에 담긴 진한 분홍색의 딸기잼이 올라간 딸기잼 생도넛이 있다,접시에 담긴 파슬리가 뿌려진 진한 분홍색의 딸기잼이 올라간 딸기잼 생도넛이 있다,접시에 담긴 검은깨가 뿌려진 진한 분홍색의 딸기잼이 올라간 딸기잼 생도넛이 있다
BK03_008,BK,BK03,008,89,접시에 담긴 진한 갈색의 카카오 하니딥 도넛이 있다,접시에 파슬리 가루가 뿌려진 진한 갈색의 카카오 하니딥 도넛이 있다,깨가 뿌려진 진한 갈색의 카카오 하니딥 도넛이 접시에 담겨 있다
BK04_001,BK,BK04,001,72,접시에 밀가루으로 만들어진 갈색의 셰브런 패스츄리 식빵이 있다,접시에 담긴 파슬리가 뿌려진 밀가루로 만든 갈색의 셰브런 패스츄리 식빵이 있다,접시에 검은깨가 뿌려진 갈색의 셰브런 패스츄리 식빵이 있다
BK04_002,BK,BK04,002,96,접시에 식빵으로 만든 연한 갈색의 말차 밤식빵이 있다,밀가루로 만든 말차 밤식빵 위에 초록색 파슬리가 뿌려져 있고 접시에 놓여 있다,밤이 박혀있는 연한 갈색의 말차 밤식빵이 접시에 놓여 있다
BK04_003,BK,BK04,003,57,접시에는 갈릭 후레이크가 뿌려진  검은색 갈릭 후레이크 초코식빵이 있다,"옅은 녹색의 새싹이 올려진 밀가루, 초코, 갈릭이 들어간 갈릭 후레이크 초코식빵이 접시에 놓여 있다","마늘, 초코가루, 식빵으로 만든 검은색 갈릭 후레이크 초코식빵이 접시에 놓여져 있다"
BK04_004,BK,BK04,004,87,"접시에 담긴 아몬드가 들어간 진한 하얀색의 아몬드 치아바타가 견과류믹스, 체리와 있다","접시에 담긴 치즈, 아몬드가 들어간 진한 하얀색의 아몬드 치아바타가 견과류믹스, 체리와 있다","접시에 담긴 캐슈넛, 아몬드가 들어간 진한 하얀색의 아몬드 치아바타가 견과류믹스, 체리와 있다"
BK04_005,BK,BK04,005,89,연한 노란색의 말차 일반 깜빠뉴는 접시에 담겨있고 밀가루로 만들었다,밀가루로 만든 옅은 노란색의 말차 일반 깜빠뉴가 접시에 담겨 있다,접시에 초록색 파슬리를 뿌린 말차 일반 깜빠뉴가 있다
BK04_006,BK,BK04,006,60,"접시에 밀가루, 옥수수로 만들어진 연한 노란색의 옥수수식빵 두조각이 있다","접시에 담긴 밀가루, 옥수수로 만들어진 연한 노란색의 옥수수식빵 두조각이 검은깨가 뿌려져 있다","밀가루, 옥수수로 만들어진 연한 노란색의 옥수수식빵 두조각이 접시에 담겨 있다"
BK04_007,BK,BK04,007,62,"접시에 담긴 깨, 땅콩버터, 먹물, 치즈가 들어간 진한 검정색의 땅콩버터 먹물치즈식빵이 있다","접시에 담긴 갈색 땅콩버터, 먹물, 황색 치즈가 들어간 진한 검정색의 땅콩버터 먹물치즈식빵이 있다","땅콩버터, 먹물, 치즈가 들어간 진한 검정색의 땅콩버터 먹물치즈식빵이 접시에 담겨 있다"
BK04_008,BK,BK04,008,60,"접시에 소다, 밀가루, 치즈가 들어간 짙은 갈색의 그릴드치즈 라우겐이 담겨 잘려 있다","파슬리가 뿌려지고 소다, 밀가루, 치즈가 들어간 짙은 갈색의 그릴드치즈 라우겐이 접시에 담겨 잘려 있다","소다, 밀가루, 치즈가 들어간 짙은 갈색의 그릴드치즈 라우겐이 접시에 담겨 잘려 있다"
BK04_009,BK,BK04,009,60,접시에는 옅은 노란색의 말차 브리오슈가 놓여져 있다,검은색 깨가 뿌려진 말차 브리오슈가 접시 위에 놓여져 있다,옅은 노란색의 말차 브리오슈가 접시 위에 올려져 있다
BK04_010,BK,BK04,010,60,연한 노란색의 말차가루가 뿌려진 크림이 들어간 말차 소프트롤이 접시에 담겨져 있다,"접시에는 녹색 새싹이 올려진 말차가루, 크림이 들어간 말차 소프트롤이 있다","접시 위에는 말차가루, 크림이 들어간 갈색의 말차 소프트롤이 담겨져 있다"
BK05_001,BK,BK05,001,73,"접시에 갈색 크루와상, 갈색 땅콩버터로 만든 진한 갈색의 땅콩버터 크루와상이 있다","접시에 갈색 크루와상, 갈색 땅콩버터, 참깨로 만든 진한 갈색의 땅콩버터 크루와상이 있다","갈색 크루와상, 갈색 땅콩버터, 초록색 파슬리로 만든 진한 갈색의 땅콩버터 크루와상이 접시에 담겨 있다"
BK05_002,BK,BK05,002,60,접시에 밀가루로 만들어 말차가루를 뿌린 연한 갈색의 말차파우더 퍼프페이스트리가 있다,"접시에 담긴 밀가루로 만들어진 연한 갈색의 말차파우더 퍼프페이스트리가 말차가루, 파슬리가 뿌려져 있다",말차가루가 뿌려진 밀가루로 만든 연한 갈색의 말차파우더 퍼프페이스트리가 접시에 담겨 있다
BK05_003,BK,BK05,003,50,접시에 담긴 밀가루로 만든 빨미까레에 말차가루를 묻힌 연한 초록색의 말차 빨미까레가 있다,접시에 밀가루로 만든 빨미까레에 말차가루를 묻힌 연한 초록색의 말차 빨미까레가 깨가 뿌려져 담겨 있다,밀가루로 만든 빨미까레에 말차가루를 묻힌 연한 초록색의 말차 빨미까레가 접시에 담겨 있다
BK05_004,BK,BK05,004,44,접시에 담긴 밀가루로 만들어 초코를 바른 짙은 갈색의 다크 뺑오쇼콜라가 있다,깨가 뿌려진 밀가루로 만들어 초코를 바른 짙은 갈색의 다크 뺑오쇼콜라가 접시에 담겨 있다,접시에 파슬리가 뿌려진 밀가루로 만들어 초코를 바른 짙은 갈색의 다크 뺑오쇼콜라가 있다
BK05_005,BK,BK05,005,60,접시에 담긴 옅은 녹색의 말차 까눌레가 놓여있다.,접시에 담긴 깨를 뿌린 옅은 녹색의 말차 까눌레가 있다.,접시에 담긴 파슬리를 뿌린 옅은 녹색의 말차 까눌레가 있다.
BK05_006,BK,BK05,006,22,"접시에 담긴 견과류, 파슬리가 들어간 진한 갈색의 마들렌이 있다","견과류, 검은깨가 들어간 진한 갈색의 마들렌이 접시에 있다",접시에 담긴 견과류가 들어간 진한 갈색의 마들렌이 있다
BK05_007,BK,BK05,007,72,밀가루로 만든 짙은 갈색의 소금초코 휘낭시에가 접시에 있다,"접시에 담긴 소금, 참깨가 뿌려진 짙은 갈색의 소금초코 휘낭시에가 있다","접시에 소금, 파슬리가 뿌려진 짙은 갈색의 소금초코 휘낭시에가 있다"
BK05_008,BK,BK05,008,42,"아이스크림, 블루베리가 올라간 연한 갈색의 블루베리 타르트가 접시에 있다","접시에 담긴 아이스크림, 블루베리가 올라간 연한 갈색의 블루베리 타르트가 있다","아이스크림, 블루베리가 올라간 연한 갈색의 블루베리 타르트가 접시에 담겨 있다"
BK05_009,BK,BK05,009,88,접시에 딸기쨈이 들어간 짙은 갈색의 딸기잼 와플이 담겨 있다,파슬리가 뿌려지고 딸기쨈이 들어간 짙은 갈색의 딸기잼 와플이 접시에 담겨 있다,접시에 검은깨가 뿌려지고 딸기쨈이 들어간 짙은 갈색의 딸기잼 와플이 담겨 있다
BK06_001,BK,BK06,001,60,"접시에 갈릭후레이크가 올라가고 마늘, 밀가루로 만든 짙은 갈색의 갈릭후레이크 마늘바게트가 담겨 있다","새싹채소, 갈릭후레이크가 올라가고 마늘, 밀가루로 만든 짙은 갈색의 갈릭후레이크 마늘바게트가 접시에 담겨 있다","프라이팬에 갈릭후레이크가 올라가고 마늘, 밀가루로 만든 짙은 갈색의 갈릭후레이크 마늘바게트가 담겨 있다"
BK06_002,BK,BK06,002,62,"접시에 갈릭후레이크가 올라가고 치즈, 밀가루로 만든 짙은 갈색의 갈릭후레이크 치즈바게트가 담겨 있다","새싹채소, 갈릭후레이크가 올라가고 치즈, 밀가루로 만든 짙은 갈색의 갈릭후레이크 치즈바게트가 접시에 담겨 있다","프라이팬에 갈릭후레이크가 올라가고 치즈, 밀가루로 만든 짙은 갈색의 갈릭후레이크 치즈바게트가 담겨 있다"
BK06_003,BK,BK06,003,61,접시에 올리브와 치즈가 올라가고 밀가루로 만든 짙은 갈색의 올리브 더블치즈바게트가 담겨 있다,"올리브와 치즈, 새싹채소가 올라가고 밀가루로 만든 짙은 갈색의 올리브 더블치즈바게트가 프라이팬에 담겨 있다","접시에 올리브와 치즈가 올라가고 밀가루로 만든 짙은 갈색의 올리브 더블치즈바게트가 담겨 조각치즈, 건파파야와 있다"
BK06_004,BK,BK06,004,60,"접시에 밀가루, 호밀, 스코치드가 들어간 진한 갈색의 스코치드 호밀바게트가 있다","밀가루, 호밀, 스코치드로 만들어져 야채 고명이 올라간 진한 갈색의 스코치드 호밀바게트가 접시에 담겨 있다","호밀, 밀가루, 스코치드가 들어간 진한 갈색의 스코치드 호밀바게트가 프라이팬에 담겨 있다"
BK06_005,BK,BK06,005,72,접시에 담긴 연한 노란색의 치즈가 올라간 옅은 갈색의 로스트치즈 명란바게트가 있다,"접시에 담긴 치즈, 참깨가 뿌려진 갈색의 로스트치즈 명란바게트가 있다","접시에 바게트, 명란으로 만든 파슬리가 뿌려진 갈색의 로스트치즈 명란바게트가 있다"
BK07_001,BK,BK07,001,60,접시에 담긴 하얀색과 갈색 조합의 갈릭후레이크 당근케이크가 있다.,접시에 초록색 샐러드가 올라간 하얀색과 갈색 조합의 갈릭후레이크 당근케이크가 담겨있다.,접시 위에 하얀색과 갈색의 갈릭 후레이크 당근케이크가 있다
BK07_002,BK,BK07,002,72,"접시에 담긴 카라멜 소스, 생크림,치즈가 들어간 옅은 노란색의 리얼 카라멜 치즈케익이 있다","접시에 담긴 파슬리, 카라멜 소스, 생크림,치즈가 들어간 옅은 노란색의 리얼 카라멜 치즈케익이 있다","접시에 담긴 깨, 카라멜 소스, 생크림,치즈가 들어간 옅은 노란색의 리얼 카라멜 치즈케익이 있다"
BK07_003,BK,BK07,003,68,"사각접시에 옅은 갈색의 땅콩버터,생크림,밀가루가 들어간 땅콩버터 티라미수가 있다","깨고명,옅은 갈색의 땅콩버터,생크림,밀가루가 들어간 땅콩버터 티라미수가 사각접시에 담겨 있다","접시에 옅은 갈색의 땅콩버터,생크림,밀가루가 들어간 땅콩버터 티라미수가 있다"
BK07_004,BK,BK07,004,40,"사각접시에 밀가루,짙은 빨간색의 딸기,생크림이 들어간 딸기케이크가 있다","새싹고명,밀가루,짙은 빨간색의 딸기,생크림이 들어간 딸기케이크가 사각접시에 담겨 있다","접시에 밀가루,짙은 빨간색의 딸기,생크림이 들어간 딸기케이크가 있다"
BK07_005,BK,BK07,005,60,접시에 밀가루로 만들어 크림을 바르고 말차가루를 뿌린 흰색의 말차 크림케이크 한조각이 있다,"접시에 담긴 밀가루로 만들어 크림을 바른 흰색의 말차 크림케이크 한조각이 말차가루, 새싹이 올려져 있다",말차가루가 뿌려진 밀가루로 만들어 크림을 바른 흰색의 말차 크림케이크 한조각이 접시에 담겨 있다
BK07_006,BK,BK07,006,60,"접시에 담겨진 밀가루, 우유, 계란이 연한 노란색의 말차 카스텔라가 있다","밀가루, 우유, 계란이 들어간 연한 노란색의 말차 카스텔라가 접시에 담겨저 있다","접시에 밀가루, 우유, 계란이 들어간 옅은 노란색의 말차 카스텔라가 담겨 있다"
BK07_007,BK,BK07,007,72,"접시에 담긴 생크림, 녹차가 들어간 진한 초록색 녹차일반 롤이 있다","접시에 담긴 녹차파우더, 생크림, 녹차가 들어간 진한 초록색 녹차일반 롤이 있다","접시에 담긴 깨, 생크림, 녹차가 들어간 진한 초록색 녹차일반 롤이 있다"
BK07_008,BK,BK07,008,60,"접시에 담긴 밀가루, 초코, 우유가 들어간 진한 갈색의 레드벨벳 초코케이크가 있다","밀가루, 초코, 우유로 만들어져 참깨가 뿌려진 진한 갈색의 레드벨벳 초코케이크가 접시에 담겨 있다","밀가루, 초코, 우유가 들어간 진한 갈색의 레드벨벳 초코케이크가 접시에 담겨 있다"
BK07_009,BK,BK07,009,60,"하얀색의 접시에 진한 주황색의 당근,생크림,고구마가 들어간 당근 고구마케이크가 있다","무순고명,진한 주황색의 당근,생크림,고구마가 들어간 당근 고구마케이크가 하얀색의 접시에 담겨 있다","접시에 생크림,진한 주황색의당근,고구마가 들어간 당근 고구마케이크가 있다"
BK07_010,BK,BK07,010,59,"하얀색의 접시에 말차가루,짙은 갈색의 초콜릿,밀가루가 들어간 다크말차 파운드케이크가 있다","파슬리 고명,말차가루,짙은 갈색의 초콜릿,밀가루가 들어간 다크말차 파운드케이크가 하얀색의 접시에 있다","접시에 말차가루,짙은 갈색의 초콜릿,밀가루가 들어간 다크말차 파운드케이크가 있다"
BK07_011,BK,BK07,011,60,"접시에 담긴 버터, 밀가루, 설탕으로 만들어져 말차가루가 뿌려진 진한 갈색의 말차파우더 몽블랑이 있다","버터, 밀가루, 설탕으로 만들어져 말차가루, 참깨가 뿌려진 진한 갈색의 말차파우더 몽블랑이 접시에 담겨 있다","접시에 버터, 밀가루, 설탕으로 만들어져 말차가루가 뿌려진 진한 갈색의 말차파우더 몽블랑이 담겨 있다"
BK08_001,BK,BK08,001,23,"접시에 갈릭후레이크가 뿌려지고 밀가루, 토마토소스, 치즈로 만든 진한 노란색의 갈릭후레이크 피자빵이 담겨 있다","새싹채소, 갈릭후레이크가 뿌려지고 밀가루, 토마토소스, 치즈로 만든 진한 노란색의 갈릭후레이크 피자빵이 접시에 담겨 있다","갈릭후레이크가 뿌려지고 밀가루, 토마토소스, 치즈로 만든 진한 노란색의 갈릭후레이크 피자빵이 접시에 담겨 있다"
BK08_002,BK,BK08,002,60,"접시에 밀가루, 건포도, 팥이 들어간 진한 갈색의 밤콘 팥빵이 담겨 있다","검은깨가 뿌려지고 밀가루, 건포도, 팥이 들어간 진한 갈색의 밤콘 팥빵이 접시에 담겨 있다","밀가루, 건포도, 팥이 들어간 진한 갈색의 밤콘 팥빵이 접시에 담겨 있다"
BK08_003,BK,BK08,003,60,"사각접시에 밀가루, 짙은 빨간색의 딸기잼,밤이 들어간 딸기쨈 밤만쥬가 있다","파슬리 고명,밀가루, 짙은 빨간색의 딸기잼,밤이 들어간 딸기쨈 밤만쥬가 사각접시에 담겨있다","접시에 짙은 빨간색의 딸기잼,밀가루, 밤이 들어간 딸기쨈 밤만쥬가 있다"
BK08_004,BK,BK08,004,60,연한 갈색의 마늘빵에 짙은 검정색 블루베리잼이 발라진 블루베리잼 마늘빵이 접시 위에 놓여있다,접시 위에 연한 갈색의 마늘빵에 진한 검정색의 블루베리잼이 발라진 블루베리잼 마늘빵이 놓여있다,블루베리잼 마늘빵이 접시 위에 연한 갈색의 마늘빵에 진한 검정색의 블루베리잼이 발라진 채 놓여있다
BK08_005,BK,BK08,005,60,"접시에 담긴 달걀, 버터, 설탕, 밀가루로 만들어져 말차가루가 뿌려진 연한 갈색의 말차 소보루가 있다","달걀, 버터, 설탕, 밀가루로 만들어져 말차가루, 검은깨가 뿌려진 연한 갈색의 말차 소보루가 접시에 담겨 있다","프라이팬에 달걀, 버터, 설탕, 밀가루로 만들어져 말차가루가 뿌려진 연한 갈색의 말차 소보루가 담겨 있다"
BK08_006,BK,BK08,006,13,접시 위에 노란색 녹차미숫가루 맘모스빵이 있다,접시 위에 녹색 새싹이 올라간 노란색 녹차미숫가루 맘모스빵이 올려져 있다,노란색 녹차미숫가루 맘모스빵이 접시 위에 올려져 있다
BK08_007,BK,BK08,007,51,접시에 담긴 말차가 들어간 옅은 연두색의 말차머핀이 있다,"접시에 담긴 깨, 말차가 들어간 옅은 연두색의 말차머핀이 있다","접시에 담긴 파슬리, 말차가 들어간 옅은 연두색의 말차머핀이 있다"
CF01_001,CF,CF01,001,60,"보울에 밀가루, 돼지고기, 빨간색의 육수로 만들어진 고기짬뽕이 있다","밀가루, 돼지고기, 빨간색의 육수로 만들어져 부추가 올라간 고기 짬뽕이 보울에 있다","보울에 밀가루, 돼지고기, 빨간색의 육수로 만들어진 고기 짬뽕이 담겨 있다"
CF01_002,CF,CF01,002,54,"보울에 담긴 고추가루, 새순이 들어간 짙은 갈색의 사천 짜장면이 있다","보울에 담긴 고추가루, 새순이 들어간 옅은 갈색의 사천 짜장면이 있다","고추가루, 새순이 들어간 옅은 갈색의 사천 짜장면이 보울에 담겨 김치, 단무지와 있다"
CF01_003,CF,CF01,003,58,"접시에 짜장, 팽이버섯, 두반장으로 만들어진 진한 갈색의 두반장 팽이버섯 쟁반짜장이 있다","팽이버섯, 짜장, 두반장으로 만들어져 새싹채소가 올라간 진한 갈색의 두반장 팽이버섯 쟁반짜장이 접시에 담겨 있다","접시에 팽이버섯, 짜장, 두반장으로 만들어진 진한 갈색의 두반장 팽이버섯 쟁반짜장이 있다"
CF01_004,CF,CF01,004,60,"접시에 담긴 고기, 브로콜리, 당근, 고추가루, 면을 넣어 만든 주황색의 고기 볶음짬뽕이 있다","자른 파가 올려져 있는 고기, 브로콜리, 고추가루, 당근, 면을 넣어 만든 주황색의 고기 볶음짬뽕이 접시에 담겨 있다","고기, 브로콜리, 당근, 고추가루, 면을 넣어 만든 주황색의 고기 볶음짬뽕이 접시에 담겨 있다"
CF01_005,CF,CF01,005,60,"보울에 오이, 버섯, 강황가루, 주황색의 당근으로 만들어진 강황 중식냉면이 있다","보울에 오이, 버섯, 강황가루, 주황색의 당근으로 만들어져 부추가 올라간 강황 중식냉면이 있다","오이, 버섯, 강황가루, 주황색의 당근으로 만들어진 강황 중식냉면이 보울에 있다"
CF02_001,CF,CF02,001,60,"접시에 쌀, 메추리알, 버섯으로 만들어진 옅은 주황색의 메추리알 잡탕밥이 있다","쌀, 메추리알, 버섯으로 만들어져 새싹채소가 올라간 옅은 주황색의 메추리알 잡탕밥이 접시에 있다","접시에 쌀, 메추리알, 버섯으로 만들어진 옅은 주황색의 메추리알 잡탕밥이 담겨 있다"
CF02_002,CF,CF02,002,60,"냄비에 담긴 강황가루, 진한 검정색의 짜장, 밥이 들어간 강황 짜장밥이 있다","강황가루, 진한 검정색의 짜장, 밥으로 만들어져 나물이 올라간 강황 짜장밥이 냄비에 담겨 있다","보울에 담긴 강황가루, 진한 검정색의 짜장, 밥이 들어간 강황 짜장밥이 있다"
CF02_003,CF,CF02,003,60,"보울에 담긴 두부, 다진 고기, 양파에 고추기름을 넣어 만든 주황색의 고추기름 마파두부덮밥이 백미밥과 있다","두부, 다진 고기, 양파에 고추기름을 넣어 만든 주황색의 고추기름 마파두부덮밥에 자른 부추를 올려 보울에 담겨 백미밥과 있다","접시에 두부, 다진 고기, 양파에 고추기름을 넣어 만든 주황색의 고추기름 마파두부덮밥이 담겨 백미밥과 있다"
CF02_004,CF,CF02,004,60,"두반장, 표고버섯, 쌀로 만들어진 진한 빨간색의 두반장 표고덮밥이 보울에 있다","표고버섯, 두반장, 쌀로 만들어져 새싹채소가 올라간 진한 빨간색의 두반장 표고덮밥이 보울에 있다","보울에 표고버섯, 두반장, 쌀로 만들어진 진한 빨간색의 두반장 표고덮밥이 있다"
CF02_005,CF,CF02,005,59,"보울에 강황, 계란, 밥이 들어간 진한 갈색의 강황 차오판이 있다","강황, 계란, 밥이 들어가 만들어진 새싹채소 고명이 올라간 진한 갈색의 강황 차오판이 보울에 담겨 있다","계란,강황, 밥이 들어간 진한 갈색의 강황 차오판이나무 보울에 담겨 있다"
CF02_006,CF,CF02,006,60,"하늘색의 보울에 진한 하얀색의 밥,마늘 후레이크,새송이버섯이 들어간 마늘 후레이크 새송이버섯잡채밥이 있다","새싹고명,진한 하얀색의 밥,마늘 후레이크,새송이버섯이 들어간 마늘 후레이크 새송이버섯잡채밥이 하늘색의 보울에 담겨 있다","보울에 진한 하얀색의 밥,마늘 후레이크,새송이버섯이 들어간 마늘 후레이크 새송이버섯잡채밥이 있다"
CF02_007,CF,CF02,007,60,"플라스틱 보울에 돼지고기, 고추, 강황이 들어간 진한 갈색의 강황 고추덮밥이 있다","강황, 고추, 돼지고기가 들어가 만들어진 새싹채소 고명이 올라간 진한 갈색의 강황 고추덮밥이 플라스틱 보울에 담겨 있다","사기 보울에 강황, 고추, 돼지고기가 들어간 진한 갈색의 강황 고추덮밥이 있다"
CF03_001,CF,CF03,001,103,"접시에 담긴 주황색 당근, 목이버섯, 쑥갓, 적양배추가 들어간 야채 탕수육이 있다","접시에 담긴 주황색 당근, 목이버섯, 쑥갓, 보라색 적양배추가 들어간 야채 탕수육이 있다","접시에 담긴 주황색 당근, 목이버섯, 쑥갓, 보라색 적양배추가 들어간 연한 갈색의 야채 탕수육이 있다"
CF03_002,CF,CF03,002,58,"튀김만두, 검은색 검은콩소스가 들어간 진한 갈색의 컴은콩소스 범벅 튀김만두가 접시에 있다","접시에 담긴 튀김만두, 검은색 검은콩소스, 고추씨가 들어간 진한 갈색의 컴은콩소스 범벅 튀김만두가 있다","검은색 검은콩소스, 튀김만두, 새순이 들어간 진한 갈색의 컴은콩소스 범벅 튀김만두가 접시에 있다"
CF03_003,CF,CF03,003,60,"접시에 담긴 다진 고기, 햄, 다진 파, 당면이 튀긴 가지에 올려진 갈색의 고기 어향가지 세개가 있다","접시에 자른 쪽파, 다진 고기, 햄, 다진 파, 당면을 올려서 담은 갈색의 고기 어향가지 세개가 있다","다진 고기, 햄, 다진 파, 당면이 튀긴 가지에 올려진 갈색의 고기 어향가지 세개가 접시에 담겨 있다"
CF03_004,CF,CF03,004,72,접시에 담긴 자른 당근이 올려진 새우에 밀가루를 입혀 튀겨내 크림소스를 얹은 옅은 갈색의 야채 크림새우가 있다,"새싹, 자른 당근이 올려진 새우에 밀가루를 입혀 튀겨내 크림소스를 얹은 옅은 갈색의 야채 크림새우가 접시에 담겨 있다",접시에 새우에 밀가루를 입혀 튀겨내 크림소스를 얹고 자른 당근을 올리고 완두콩을 곁들인 옅은 갈색의 야채 크림새우가 있다
CF03_005,CF,CF03,005,59,"플라스틱 접시에 돼지고기, 두반장, 찹쌀가루가 들어간 짙은 빨간색의 두반장 꿔바로우가 있다","두반장, 돼지고기, 찹쌀가루가 들어가 만들어져 브로콜리 고명이 올라간 짙은 빨간색의 두반장 꿔바로우가 플라스틱 접시에 담겨 있다","돼지고기, 두반장, 찹쌀가루가 들어간 짙은 빨간색의 두반장 꿔바로우가 접시에 담겨 있다"
CF03_006,CF,CF03,006,59,하얀색 크림 꽃빵튀김이 접시 위에  담겨져 있다.,녹색 쪽파가 올라간 크림 꽃빵튀김이 접시 위에 올려져 있다.,접시에는 하얀색 크림 꽃빵튀김이 올려져 있다.
CF03_007,CF,CF03,007,67,"빨간색의 모듬버섯 깐쇼새우가 새우, 목이버섯으로 만들어져 접시에 있다",접시에 담긴 완두콩이 들어간 빨간색의 모듬버섯 깐쇼새우가 있다,접시에 새싹을 넣은 빨간색의 모듬버섯 깐쇼새우가 담겨 있다
CF03_008,CF,CF03,008,70,"접시에 빵, 새우, 레몬크림으로 만든 연한 갈색의 멘보샤가 담겨 있다","빵, 새우, 레몬크림으로 만든 연한 갈색의 멘보샤가 접시에 담겨 있다","접시에 빵, 새우, 새싹채소, 레몬크림으로 만든 연한 갈색의 멘보샤가 담겨 있다"
CF03_009,CF,CF03,009,72,"접시에 노란색의 고구마, 설탕, 검은콩소스가 들어간 검은콩소스 고구마빠스가 있다","노란색의 고구마, 설탕, 검은콩소스로 만들어져 참깨가 뿌려진 검은콩소스 고구마빠스가 접시에 있다","접시에 노란색의 고구마, 설탕, 검은콩소스로 만들어져 참깨가 뿌려진 검은콩소스 고구마빠스가 담겨 있다"
CF03_010,CF,CF03,010,60,"돼지고기, 사천소스, 춘권피가 들어간 진한 주황색의 사천칠리 춘권이 사각 접시에 담겨 있다","사각 접시에 사천소스, 돼지고기, 춘권피가 들어가 만들어져 야채 고명이 올라간 진한 주황색의 사천칠리 춘권이 있다","사천소스, 돼지고기, 춘권피가 들어간 진한 주황색의 사천칠리 춘권이 원형 접시에 담겨 있다"
CF04_001,CF,CF04,001,65,녹색 새러드가 올려진 마늘 깐풍기가 접시 위에 놓여져 있다,옅은 노란색 마늘이 들어간 마늘 깐풍기가 접시에 담겨 있다.,샐러드가 올려진 옅은 빨간색의 마늘 깐풍기가 접시에 놓여있다.
CF04_002,CF,CF04,002,60,"접시에 강황, 오징어, 고추기름이 들어간 진한 주황색의 강황 팔보채가 있다","오징어, 강황, 고추기름으로 만들어져 새싹채소 고명이 올라간 진한 주황색의 강황 팔보채가 접시에 담겨 있다","강황, 오징어, 고추기름이 들어간 진한 주황색의 강황 팔보채가 도자기 접시에 담겨 있다"
CF04_003,CF,CF04,003,60,"원형 접시에 새우, 버섯, 전분물이 들어간 옅은 갈색의 새우 유산슬이 있다","새우, 버섯, 전분물이 들어가 만들어져 야채 고명이 올라간 옅은 갈색의 새우 유산슬이 원형 접시에 담겨 있다","버섯, 새우, 전분물이 들어간 옅은 갈색의 새우 유산슬이 도자기 접시에 담겨 있다"
CF04_004,CF,CF04,004,69,"목이버섯, 닭고기, 죽순이 들어가 만들어진 진한 빨간색의 목이듬뿍 라조기가 사각 접시에 담겨 있다","사각 접시에 목이버섯, 닭고기, 죽순이 들어가 만들어져 야채 고명이 올라간 진한 빨간색의 목이듬뿍 라조기가 있다","닭고기, 목이버섯, 죽순이 들어가 만들어져 완두콩 고명이 올라간 진한 빨간색의 목이듬뿍 라조기가 사각 접시에 담겨 있다"
CF04_005,CF,CF04,005,60,"접시에 담겨 죽순, 두반장, 마라소스, 건고추로 만든 짙은 갈색의 두반장 마라샹궈가 있다","무순이 올라가고 죽순, 두반장, 마라소스, 건고추로 만든 짙은 갈색의 두반장 마라샹궈가 접시에 담겨 있다","죽순, 두반장, 마라소스, 건고추로 만든 짙은 갈색의 두반장 마라샹궈가 접시에 담겨 있다"
CF04_006,CF,CF04,006,60,"사각 접시에 사천 고추가루, 가지, 감자, 피망이 들어간 진한 갈색의 사천 지삼선이 있다","고추가루, 사천 가지, 감자, 피망이 들어가 만들어져 버섯 고명이 올라간 진한 갈색의 사천 지삼선이 사각 접시에 담겨 있다","가지, 사천 고추가루, 감자, 피망이 들어간 진한 갈색의 사천 지삼선이 원형 접시에 담겨 있다"
CF04_007,CF,CF04,007,65,보울에 연한 노란색의 마늘과 두부가 들어간 마늘 마파두부가 들어있다,두부와 두반장이 들어가고 초록색 부추가 올라간 마늘 마파두부가 보울에 담겨있다,"마늘과 두부, 두반장이 들어간 연한 갈색의 마늘 마파두부가 보울에 담겨있다"
CF04_008,CF,CF04,008,65,"접시에 고기, 소금, 강황가루로 만들어진 옅은 갈색의 강황 난자완스가 있다","접시에 고기, 소금, 강황가루, 버섯으로 만들어진 옅은 갈색의 강황 난자완스가 있다","고기, 소금, 강황가루로 만들어진 옅은 갈색의 강황 난자완스가 접시에 있다"
CF04_009,CF,CF04,009,45,"사각 그릇에 강황, 파프리카, 돼지고기가 들어가 만들어진 진한 주황색의 강황 고추잡채가 있다","강황, 파프리카, 돼지고기가 들어가 만들어져 야채 고명이 올라간 진한 주황색의 강황 고추잡채가 사각 그릇에 담겨 있다","원형 그릇에 파프리카,강황, 돼지고기가 들어가 만들어진 진한 주황색의 강황 고추잡채가 있다"
CF05_001,CF,CF05,001,66,"그릇에 라유, 계란이 들어간 맑은 노란 국물의 라유 계란탕이 있다","초록색 쪽파를 올린 계란, 라유로 만든 맑은 국물의 라유 계란탕이 그릇에 담겨 있다","달걀, 라유로 만든 옅은 노란색 국물의 라유 계란탕이 그릇에 있다"
CF05_002,CF,CF05,002,60,"냄비에 고춧가루, 홍고추, 오징어, 빨간색의 육수로 만들어진 매운 삼선탕이 있다","냄비에 고춧가루, 홍고추, 오징어, 빨간색의 육수로 만들어져 부추가 올라간 매운 삼선탕이 있다","보울에 고춧가루, 빨간색의 홍고추, 오징어로 만들어진 매운 삼선탕이 있다"
CF05_003,CF,CF05,003,60,"그릇에 부추, 해삼, 짙은 갈색의 육수로 만들어진 부추 해삼탕이 있다","해삼, 부추, 짙은 갈색의 육수로 만들어져 야채 고명이 올라간 부추 해삼탕이 그릇에 담겨 있다","부추, 해삼, 짙은 갈색의 육수로 만들어진 부추 해삼탕이 사각 그릇에 담겨 있다"
CF05_004,CF,CF05,004,60,그릇에 노란색 향신료가 뿌려진 묽은 하얀색의 라유 계란탕이 담겨있다,노란색 향신료가 뿌려지고 초록색 부추가 올란간 맑은 하얀색의 라유 계란탕이그릇에  담겨있다,그릇에 노란색 향신료가 뿌려진 묽은 하얀색의 라유 계란탕이 담겨있다
CF05_005,CF,CF05,005,65,"초록색 부추, 유부, 중국당면으로 만든 맑은 마라탕이 보울에 담겨있다","보울에 담긴 부추, 유부가 들어간 맑은 마라탕에 연한 보라색 새싹이 올려져 있다","유부, 중국당면, 빨간 고추기름으로 만든 맑은 마라탕이 보울에 담겨있다"
CF05_006,CF,CF05,006,60,훠궈고기가 들어간 진한 빨간색의 라유양탕이 보울에 담겨있다,연한 갈색의 훠궈고기가 들어간 진한 빨간색의 라유양탕이 초록색 파 고명이 올려진 채 보울에 담겨있다,연한 갈색의 훠궈고기가 들어간 진한 빨간색의 라유양탕이 보울에 담겨있다
CF06_001,CF,CF06,001,60,"접시에 옅은 빨간색의 게맛살, 브로콜리, 고기로 만든 게맛살 양장피가 담겨 있다","무순, 새싹채소가 올라가고 옅은 빨간색의 게맛살, 브로콜리, 고기로 만든 게맛살 양장피가 접시에 담겨 있다","접시에 가지, 옅은 빨간색의 게맛살, 브로콜리, 고기로 만든 게맛살 양장피가 담겨 있다"
CF06_002,CF,CF06,002,60,"보울에 옅은 회색의 건두부, 고추, 간장으로 만든 건두부무침이 담겨 있다","파고명이 올라가고 옅은 회색의 건두부, 고추, 간장으로 만든 건두부무침이 보울에 담겨 있다","프라이팬에 옅은 회색의 건두부, 고추, 간장으로 만든 건두부무침이 담겨 있다"
CF06_003,CF,CF06,003,60,접시에 담긴 자른 오이에 강황을 넣어 만든 갈색의 강황 일반 오이무침이 있다,접시에 자른 오이에 강황을 넣어 만들어 자른 부추를 올린 갈색의 강황 일반 오이무침이 있다,자른 오이에 강황을 넣어 만든 갈색의 강황 일반 오이무침이 접시에 담겨 있다
CF06_004,CF,CF06,004,60,"접시에 담긴 해파리, 자른 오이, 자른 당근을 넣고 만들어 강황가루를 뿌린 갈색의 강황 해파리냉채가 있다","검은색 접시에 해파리, 강황, 당근이 들어가 만들어져 야채 고명이 올라간 강황 해파리냉채가 있다","해파리, 강황, 당근이 들어가 만들어진 강황 해파리냉채가 검은색 사각 접시에 담겨 있다"
CF06_005,CF,CF06,005,60,접시에는 녹색 일반 고수무침이 놓여 올려져 있다,녹색 완두콩이 올려진 고수무침이 접시 위에 올라가 있다,접시 위에는 초록색 고수 무침이 올려져 놓여 있다
CF06_006,CF,CF06,006,60,접시에는 빨간색 강황돼지부속무침이 담긴 채 놓여져 있다,무순이 올려진 빨간색 강황돼지부속무침이 접시에 담겨져 있다,빨간색 강황 돼지부속무침이 접시에 올려져 담겨 있다
CF06_007,CF,CF06,007,71,"접시에 착채, 고추기름, 마늘, 굴소스가 들어간 짙은 검은색의 굴소스 짜사이가 담겨 있다","접시에 새싹채소가 올라가고 착채, 고추기름, 마늘, 굴소스가 들어간 짙은 검은색의 굴소스 짜사이가 담겨 있다","접시에 완두콩이 올라가고 착채, 고추기름, 마늘, 굴소스가 들어간 짙은 검은색의 굴소스 짜사이가 담겨 있다"
CF07_001,CF,CF07,001,60,"접시에 강황, 양고기가 들어간 짙은 노란색의 강황 양꼬치가 담겨 있다","접시에 새싹채소가 올라가고 강황, 양고기가 들어간 짙은 노란색의 강황 양꼬치가 담겨 있다","강황, 양고기가 들어간 짙은 노란색의 강황 양꼬치가 접시에 담겨 있다"
CF07_002,CF,CF07,002,60,"접시에는 흰색 새우와 게살, 채소가 있는 게살 새우꼬치가 있다",옅은 빨간색의 게살과 새우가 있는 게살 새우꼬치가 접시에 놓여져 있다,"녹색 채소와 새우, 게살이 있는 게살 새우꼬치가 접시에 놓여져 있다"
CF07_003,CF,CF07,003,59,"접시에 진한 갈색의 갈비살, 당근, 양파로 만들어져 참깨가 뿌려진 갈비살꼬치가 있다","진한 갈색의 갈비살, 당근, 양파로 만들어진 갈비살꼬치가 접시에 있다","접시에 진한 갈색의 갈비살, 당근, 양파로 만들어져 참깨가 뿌려진 갈비살꼬치가 담겨 있다"
CF07_004,CF,CF07,004,60,접시에 담긴 양깃머리 고기를 꼬치에 끼워 고추가루를 뿌린 빨간색의 사천 양깃머리 꼬치 세개가 있다,접시에 청경채를 깔아 양깃머리 고기를 꼬치에 끼워 고추가루를 뿌린 빨간색의 사천 양깃머리 꼬치 세개를 올려 담고 자른 파가 올려져 있다,양깃머리 고기를 꼬치에 끼워 고추가루를 뿌린 빨간색의 사천 양깃머리 꼬치 세개가 접시에 담겨 있다
CF07_005,CF,CF07,005,60,접시 위에는 초록색 채소가 올려진 일반 건두부꼬치가 있다,접시에는 옅은 노란색의 일반 건두부꼬치가 올려져 있다,초록색 채소가 올려진 일반 건두부꼬치는 접시 위에 놓여 있다
CF07_006,CF,CF07,006,12,접시에는 녹색 채소가 올려진 베이컨 마늘꼬치가 있다,"옅은 노란색의 마늘, 베이컨이 있는 베이컨 마늘꼬치는 접시에 담겨져 있다","프라이팬에는 옅은 노란색의 마늘, 베이컨이 있는 베이컨 마늘꼬치가 채소가 올려진 채 있다"
CF07_007,CF,CF07,007,60,"접시에 담긴 닭날개, 자른 마늘, 자른 피망, 자른 양파를 꼬치에 끼운 주황색의 닭날개 꼬치 두개가 있다","접시에 닭날개, 자른 마늘, 자른 피망, 자른 양파를 꼬치에 끼운 주황색의 닭날개 꼬치 두개를 담아 자른 파가 올려져 있다","닭날개, 자른 마늘, 자른 피망, 자른 양파를 꼬치에 끼운 주황색의 닭날개 꼬치 두개가 접시에 담겨 있다"
CF07_008,CF,CF07,008,60,"접시에 담긴 주황색의 당근, 팽이버섯, 베이컨이 들어간 당근 팽이버섯 꼬치가 있다","주황색의 당근, 팽이버섯, 베이컨으로 만들어져 부추가 올라간 당근 팽이버섯 꼬치가 접시에 담겨 있다","접시에 주황색의 당근, 팽이버섯, 베이컨이 들어간 당근 팽이버섯 꼬치가 담겨 있다"
CF07_009,CF,CF07,009,60,"접시에 염통줄기, 두반장, 고추가루가 들어간 짙은 빨간색의 두반장 염통줄기꼬치가 담겨 있다","파가 올라가고 염통줄기, 두반장, 고추가루가 들어간 짙은 빨간색의 두반장 염통줄기꼬치가 접시에 담겨 있다","염통줄기, 두반장, 고추가루가 들어간 짙은 빨간색의 두반장 염통줄기꼬치가 접시에 담겨 있다"
ETC01_001,ETC,ETC01,001,67,"나무접시에 닭고기,계피,후추가 들어간 짙은 주황색의 탄두리치킨이 수저포크세트와 있다","닭고기,계피,후추가 들어간 짙은 주황색의 탄두리치킨이 나무접시에 담겨 수저포크세트,할라피뇨와 있다","나무접시에 닭고기,계피,후추가 들어간 짙은 주황색의 탄두리치킨이 수저포크세트,할라피뇨,샐러드와 있다"
ETC01_002,ETC,ETC01,002,66,나무도마에 옅은 노란색의 퀘사디아가 수저포크세트와 있다,"나무도마에 옅은 노란색의 퀘사디아가 수저포크세트, 할라피뇨와 있다","옅은 노란색의 퀘사디아가 나무도마에 담겨 수저포크세트, 할라피뇨, 샐러드와 있다"
ETC01_003,ETC,ETC01,003,61,"원형 접시에 짙은 갈색의 고기,토마토,양파가 들어간 쉬쉬케밥이 수저포크세트와 있다","토마토,짙은 갈색의 고기,양파가 들어간 쉬쉬케밥이 원형 접시에 담겨 수저포크세트,난,할라피뇨와 있다","수저포크세트,난,할라피뇨,샐러드와 원형 접시에 라임고명,짙은 갈색의 고기,토마토,양파가 들어간 쉬쉬케밥이 있다"
ETC01_004,ETC,ETC01,004,48,"오븐접시에 양파,토마토,소고기가 들어간 진한 주황색의 훈카르베엔디가 수저포크세트와 있다","수저포크세트,볶음밥,할라피뇨와 오븐접시에 양파,토마토,소고기가 들어간 진한 주황색의 훈카르베엔디가 있다","오븐접시에 양파,토마토,소고기가 들어간 진한 주황색의 훈카르베엔디가 수저포크세트,볶음밥,할라피뇨,샐러드와 있다"
ETC02_001,ETC,ETC02,001,14,"그릇에 담긴 라이스 페이퍼, 야채, 계란이 들어간 진한 노란색의 바인쎄오가 있다","라이스 페이퍼, 레몬, 야채, 계란이 들어간 짙은 노란색의 바인쎄오가 그릇에 담겨 스윗칠리소스,피클과 있다","그릇에 담긴 오이, 라이스 페이퍼, 야채, 계란이 들어간 진한 노란색의 바인쎄오가 있다"
ETC02_002,ETC,ETC02,002,15,그릇 위에 진한 노란색의 나초가 담겨 젓가락과 있다,그릇에 담긴 진한 노란색의 나초가 할라피뇨와 있다,"그릇에 담긴 진한 노란색의 나초가 할라피뇨, 살사소스, 샐러드와 있다"
ETC02_003,ETC,ETC02,003,34,"접시에 밀가루반죽, 고기, 채소로 만든 옅은 노란색의 삼사가 담겨 스윗칠리소스와 같이 있다","밀가루반죽, 고기, 채소로 만든 옅은 노란색의 삼사가 접시에 담겨 스윗칠리소스, 그린소스와 같이 있다","라임웻지와 함께 밀가루반죽, 고기, 채소로 만든 옅은 노란색의 삼사가 접시에 담겨 스윗칠리소스, 그린소스와 있다"
ETC02_004,ETC,ETC02,004,53,"나무접시에 채소, 새우, 라이스페이퍼로 만든 짙은 갈색의 새우짜조가 담겨 피클, 샐러드와 있다","나무접시에 고수와 채소, 새우, 라이스페이퍼로 만든 짙은 갈색의 새우짜조가 담겨 있다","고수와 채소, 새우, 라이스페이퍼로 만든 짙은 갈색의 새우짜조가 나무접시에 담겨 피클과 있다"
ETC03_001,ETC,ETC03,001,48,"접시에 담긴 오이, 진한 노란색의 치킨, 쌀이 들어간 치킨나시케라부가 있다","오이, 진한 노란색의 치킨, 쌀이 들어간 치킨나시케라부가 접시에 담겨 할라피뇨와 있다","접시에 담긴 오이, 진한 노란색의 치킨, 쌀이 들어간 치킨나시케라부가 할라피뇨, 그린샐러드와 있다"
ETC03_002,ETC,ETC03,002,67,연한 분홍색 새우가 올라간 옅은 갈색의 나시고랭이 접시에 있다,할라피뇨와 함께 연한 분홍색 새우가 올라간 옅은 갈색의 나시고랭이 접시에 있다,"할라피뇨,샐러드가 있고 연한 분홍색 새우가 올라간 옅은 갈색의 나시고랭이 접시에 있다"
ETC04_001,ETC,ETC04,001,15,"접시 위에 빨간색의 토마토, 당근, 마요네즈로 만들어진 포드슈보이가 있다","빨간색의 토마토, 당근, 마요네즈로 만들어진 포드슈보이가 접시에 담겨 플레인난과 있다","플레인난, 할라피뇨와 그릇에 마요네즈, 당근, 빨간색의 토마토로 만들어져 레몬이 올라간 포드슈보이가 있다"
ETC04_002,ETC,ETC04,002,39,"그릇에 파파야, 빨간색의 방울토마토, 설탕으로 만들어진 솜땀이 있다","그릇에 파파야, 빨간색의 방울토마토, 설탕으로 만들어져 채소가 올라간 솜땀이 있다","파파야, 빨간색의 방울토마토, 설탕으로 만들어져 라임이 올라간 솜땀이 그릇에 있다"
ETC04_003,ETC,ETC04,003,22,"그릇에 짙은 빨간색의 방울토마토, 양상추, 고기가 들어간 얌이 담겨 있다","짙은 빨간색의 방울토마토, 양상추, 고기가 들어간 얌이 그릇에 담겨 짜조와 있다","그릇에 짙은 빨간색의 방울토마토, 양상추, 고기가 들어간 얌이 담겨 피클, 짜조, 스윗칠리소스와 있다"
ETC04_004,ETC,ETC04,004,51,"나무쟁반에 밀가루, 소금으로 만들어진 연한 노란색의 또르띠아가 있다","샐러드닭가슴살, 짜조와 나무쟁반에 밀가루, 소금으로 만들어진 연한 노란색의 또르띠아가 있다","밀가루, 소금으로 만들어진 연한 노란색의 또르띠아가 나무쟁반에 담겨 샐러드닭가슴살, 짜조, 살사소스, 할라피뇨와 있다"
ETC04_005,ETC,ETC04,005,32,짙은 노란색의 플라우타 위에 소스가 뿌려져 있으며 접시위에 올려져있다,과카몰리와 살사소스가 있고 접시위에는 소스가 올라간 진한 노란색의 플라우타가 있다,"진한 노란색의 플라우타가 소스가 뿌려진 상태로 접시위에 올라가 있으며 살사소스, 콰카몰리, 할라피뇨가 있다"
ETC04_006,ETC,ETC04,006,60,접시위에 연한 노란색의 올리비에가 올라가있고 그 위에는 고명이 올라가 있다,플레인난이 올라가있고 접시위에는 노란색의 올리비에가 놓여져있으며 그 위에는 고명이 올라가있다,고명이 올라간 노란색의 올리비에가 접시위에 올라가있고 플레인난과 할라피뇨가 있다
ETC05_001,ETC,ETC05,001,66,"그릇에 닭고기, 밀가루, 하얀색의 육수로 만들어진 닭고기 쌀국수가 있다","그릇에 닭고기, 밀가루, 하얀색의 육수로 만들어진 닭고기 쌀국수가 피클과 있다","닭고기, 밀가루, 하얀색의 육수로 만들어진 닭고기 쌀국수가 그릇에 담겨 피클, 샐러드와 있다"
ETC05_002,ETC,ETC05,002,66,"부추, 새우가 들어간 연한 붉은색의 팟타이가 그릇에 놓여있다","그릇에 새우, 부추가 들어간 연한 노란색의 팟타이가 담겨있고 수저세트, 피클과 있다","새우, 초록색 부추가 들어간 연한 붉은색의 팟타이가 그릇에 담겨 샐러드, 피클과 함께 있다"
ETC05_003,ETC,ETC05,003,35,"그릇에 담긴 연한 주황색 당근, 소면, 숙주, 파인애플, 새싹채소가 들어간 분보남보가 있다","연한 주황색 당근, 소면, 숙주, 파인애플, 새싹채소가 들어간 분보남보가 그릇에 담겨 피클과 있다","그릇에 담긴 연한 주황색 당근, 소면, 숙주, 파인애플, 새싹채소가 들어간 분보남보가 피클, 그린샐러드와 있다"
ETC05_004,ETC,ETC05,004,65,"접시에 옅은 노란색의 면,숙주나물,파가 들어간 미고렝이 수저세트와 있다","수저세트,피클과 접시에 옅은 노란색의 면,숙주나물,파가 들어간 미고렝이 있다","접시에 옅은 노란색의 면,숙주나물,파가 들어간 미고렝이 수저세트,샐러드,피클과 있다"
ETC05_005,ETC,ETC05,005,66,"짙은 하얀색 면과 진한 주황색 당근, 진한 갈색 고기가 보울에 담긴 초이완이 할라피뇨와 놓여있다","할라피뇨와 함께 주황색 당근, 연한 초록색 청경채, 진한 갈색 고기가 그릇에 담긴 초이완이 있다","할라피뇨,샐러드와 연한 초록색 청경채, 진한 갈색 고기가 그릇에 담긴 초이완이 있다"
ETC05_006,ETC,ETC05,006,34,빨간색 파프리카와 옅은 갈색 고기가 들어간 맑은 빨간색의 라그만이 냄비에 놓여있다,옅은 갈색 고기가 들어간 맑은 빨간색의 라그만이 삼사와 냄비에 놓여있다,"삼사,샐러드와 함께 빨간색 파프리카가 들어간 묽은 빨간색의 라그만이 냄비에 놓여있다"
ETC05_007,ETC,ETC05,007,56,"검은색의 보울에 땅콩가루와 쪽파가 올라간 면,진한 갈색의 고기,양상추가 들어간 분짜가 소스,수저세트와 있다","보울에 갈색의 고기, 양배추, 양파, 레몬으로 만들어진 분짜가 담겨 할라피뇨와 있다","검은색의 보울에 땅콩가루와 파가 올라간 면,진한 갈색의 고기,양상추가 들어간 분짜가 할라피뇨,수저세트와 있다"
ETC06_001,ETC,ETC06,001,56,"보울에 담긴 진한 노란색의 육수,고수고명,닭고기,고추기름이 들어간 똠얌까이가 현미밥,수저세트와 있다","냄비에 담긴 새우,베트남고추,진한 노란색의 육수가 들어간 똠양꿍이 밥,수저세트와 있다","새우,베트남고추,진한 노란색의 육수가 들어간 똠양꿍이 냄비에 담겨 샐러드,피클,쌀국수면,밥,수저세트와 있다"
ETC06_002,ETC,ETC06,002,46,"냄비에 담긴 진한 분홍색의 고기,배추,청경채가 들어간 수끼고기가 수저포크세트와 있다","냄비에 담긴 진한 분홍색의 고기,배추,청경채가 들어간 수끼고기가 칠리소스,수저포크세트와 있다","진한 분홍색의 고기,배추,청경채가 들어간 수끼고기가 냄비에 담겨 면,밥,힐라피뇨,샐러드,칠리소스,수저포크세트와 있다"
ETC06_003,ETC,ETC06,003,68,"그릇에 수저젓가락세트와 고기, 양파, 당근을 넣은 갈색의 딤라마가 담겨 있다","그릇에 담긴 고기, 양파, 당근을 넣은 갈색의 딤라마가 밥, 수저젓가락세트와 있다","고기, 양파, 당근을 넣은 갈색의 딤라마가 그릇에 담겨 수저젓가락세트,밥,할라피뇨와 있다"
ETC07_001,ETC,ETC07,001,65,"우유, 만두로 만든 흰색의 만두우유차가 검정 그릇에 담겨있다",몽골식 만두인 반쉬를 넣어 만든 하얀색의 만두우유차가 그릇에 담겨 당근라페와 있다,"만두, 우유가 들어간 하얀 만두우유차가 그릇에 담겨 빵, 당근라페와 놓여있다"
ETC07_002,ETC,ETC07,002,60,"부추가 올라가고 짙은 갈색의 양갈비, 양배추, 당근으로 만든 맑은 양갈비국이 보울에 담겨 있다","짙은 갈색의 양갈비, 양배추, 당근으로 만든 맑은 양갈비국이 보울에 담겨 할라피뇨, 만두, 샐러드와 있다","보울에 부추가 올라가고 짙은 갈색의 양갈비, 양배추, 당근으로 만든 맑은 양갈비국이 담겨 할라피뇨와 있다"
ETC07_003,ETC,ETC07,003,38,그릇에 만두가 들어간 맑은 하얀색 육수의 몽골식만두국이 있다,"튀김만두,할라피뇨,샐러드와 그릇에 라임 고명, 만두가 들어간 맑은 하얀색 육수의 몽골식만두국이 있다","그릇에 만두가 들어간 맑은 하얀색 육수의 몽골식만두국이 튀김만두, 할라피뇨와 있다"
ETC07_004,ETC,ETC07,004,24,"비트, 소고기, 진한 빨간색의 육수로 만들어진 보르시가 나무 보울에 담겨있다","갈릭난과 나무 보울에 비트, 소고기, 진한 빨간색의 육수로 만들어진 보르시가 있다","할라피뇨,갈릭난,올리비에샐러드와 나무 보울에 소고기, 비트, 진한 빨간색의 육수로 만들어진 보르시가 있다"
ETC07_005,ETC,ETC07,005,67,"사각 접시에 담긴 진한 주황색의 커리,야채,닭고기가 들어간 치킨마크니가 수저젓가락세트와 있다","사각 접시에 담긴 진한 주황색의 커리,야채,닭고기가 들어간 치킨마크니가 갈릭난,수저젓가락세트와 있다","진한 주황색의 커리,야채,닭고기가 들어간 치킨마크니가 사각 접시에 담겨 피클,샐러드,현미밥,갈릭난,수저젓가락세트와 있다"
ETC07_006,ETC,ETC07,006,64,"그릇에 담긴 짙은 빨간색의 커리,고기,당근이 들어간 도모다가 수저세트와 있다","그릇에 담긴 짙은 빨간색의 커리,고기,당근이 들어간 도모다가 밥,수저세트와 있다","짙은 빨간색의 커리,고기,당근이 들어간 도모다가 그릇에 담겨 빵,밥,수저세트와 있다"
ETC07_007,ETC,ETC07,007,30,"그릇에 오이, 감자, 소금으로 만들어진 짙은 하얀색의 오크로시카가 있다","그릇에 오이, 감자, 소금으로 만들어진 짙은 하얀색의 오크로시카가 갈릭난과 있다","오이, 감자, 소금으로 만들어진 짙은 하얀색의 오크로시카가 그릇에 담겨 갈릭난, 할라피뇨, 올리비에샐러드와 있다"
ETC07_008,ETC,ETC07,008,63,"보울에 보리, 초록색의 오이로 만들어진 라솔니크가 담겨 있다","보울에 보리, 초록색의 오이로 만들어진 라솔니크가 담겨 밥과 있다","보리, 초록색의 오이, 고기로 만들어진 라솔니크가 보울에 담겨 밥, 빵, 그린샐러드와 있다"
ETC07_009,ETC,ETC07,009,30,"그릇에 담긴 돼지고기, 옥수수, 토마토, 당근이 들어간 진한 갈색의 포솔레가 있다","옥수수, 돼지고기, 토마토, 당근이 들어간 진한 갈색의 포솔레가 그릇에 담겨 멕시칸라이스와 있다","그릇에 담긴 돼지고기, 옥수수, 토마토, 당근이 들어간 진한 갈색의 포솔레가 있다"
ETC07_010,ETC,ETC07,010,35,"보울에 담긴 짙은 노란색의 육수,야채,고기가 들어간 슈르파가 수저포크세트와 있다","보울에 담긴 짙은 노란색의 육수,야채,고기가 들어간 슈르파가 멕시칸라이스,수저포크세트와 있다","짙은 노란색의 육수,야채,고기가 들어간 슈르파가 보울에 담겨 당근라페,멕시칸라이스,수저포크세트와 있다"
ETC08_001,ETC,ETC08,001,51,"밥,피클,샐러드와 그릇에 야채 고명, 게, 카레, 야채가 들어간 진한 황색의 꿍팟퐁커리가 있다","밥,피클,샐러드와 그릇에 게, 카레, 야채가 들어간 진한 황색의 푸빳퐁커리가 있다","밥,피클,샐러드와 그릇에 계란 후라이, 게, 카레, 야채가 들어간 진한 황색의 푸빳퐁커리가 있다"
ETC08_002,ETC,ETC08,002,38,"보울에 토마토, 양파, 닭고기가 들어간 짙은 빨간색의 치킨귀베치가 담겨 있다","토마토, 양파, 닭고기가 들어간 짙은 빨간색의 치킨귀베치가 보울에 담겨 에크멕과 있다","보울에 토마토, 양파, 닭고기가 들어간 짙은 빨간색의 치킨귀베치가 담겨 에크멕, 밥, 피클과 있다"
ETC08_003,ETC,ETC08,003,54,"접시에 구운닭고기와 토마토, 밥, 난이 올라가져있는 흰색 사치타바가 있다",피클과 흰밥위에 토마토와 닭고기가 올라간 사치타바가 난과함께 접시에 있다,"접시위에는 붉은 토마토, 흰 닭고기 밥과 난이 있는 하얀 사치타바가 있고 옆에는 피클과 샐러드가 있다"
ETC08_004,ETC,ETC08,004,12,"그릇에 소고기, 코코넛밀크, 렌당소스가 들어가 만들어진 진한 갈색의 른당이 있다","소고기, 코코넛밀크, 렌당소스가 들어가 만들어진 진한 갈색의 른당이 그릇에 담겨 에크멕과 있다","에크멕,밥,피클과 그릇에 소고기, 코코넛밀크, 렌당소스가 들어가 만들어진 진한 갈색의 른당이 있다"
ETC09_001,ETC,ETC09,001,35,보울에 돼지등뼈가 들어간 맑은 갈색의 랭쎕이 있다,백미밥과 보울에 돼지등뼈가 들어간 맑은 갈색의 랭쎕이 있다,"보울에 돼지등뼈가 들어간 맑은 갈색의 랭쎕이 백미밥,피클,샐러드와 있다"
JF01_001,JF,JF01,001,14,"플라스틱 채반에 진한 하얀색의 한치, 밥으로 만들어진 한치초밥이 있다","와사비,간장과 플라스틱 채반에 진한 하얀색의 한치, 밥으로 만들어진 한치초밥이 있다","락교,와사비,간장,초생강과 플라스틱 채반에 진한 하얀색의 한치, 밥으로 만들어진 한치초밥이 있다"
JF01_002,JF,JF01,002,62,"나무접시에 연어, 식초, 밥이 들어간 옅은 주황색의 연어초밥이 담겨 있다","연어, 식초, 밥이 들어간 옅은 주황색의 연어초밥이 나무접시에 담겨 와사비, 간장과 있다","나무접시에 연어, 식초, 밥이 들어간 옅은 주황색의 연어초밥이 담겨 와사비, 간장, 락교, 초생강과 있다"
JF01_003,JF,JF01,003,68,나무쟁반에 유부와 밥으로 만들어진 연한 갈색의 유부초밥이 수저세트와 있다,"수저세트와 유부와 밥으로 만들어진 연한 갈색의 유부초밥이 와사비,간장과 나무쟁반에 있다","나무쟁반에 담긴 유부와 밥으로 만들어진 연한 갈색의 유부초밥이 수저세트,와사비,간장,락교,초생강과 있다"
JF01_004,JF,JF01,004,48,"플라스틱 채반에 연한 주황색의 새우, 밥으로 만들어진 자숙새우초밥이 있다","와사비,간장과 플라스틱 채반에 연한 주황색의 새우, 밥으로 만들어진 자숙새우초밥이 있다","락교,와사비,간장,초생강과 플라스틱 채반에 연한 주황색의 새우, 밥으로 만들어진 자숙새우초밥이 있다"
JF01_005,JF,JF01,005,56,도마 위에 검정색 김으로 둘러쌓인 진한 빨간색 참치초밥이 놓여있다,진한 빨간색 참치초밥이 와사비가 올려진 간장과 있다,와사비가 올려진 간장과 락교 초생강이 진한 빨간색 참치초밥과 도마위에 올려져있다
JF01_006,JF,JF01,006,64,"나무접시에 밥, 계란, 단무지가 들어간 짙은 백색의 계란롤이 담겨 있다","밥, 계란, 단무지가 들어간 짙은 백색의 계란롤이 나무접시에 담겨 와사비, 간장과 있다","나무접시에 밥, 계란, 단무지가 들어간 짙은 백색의 계란롤이 담겨 와사비, 간장, 락교, 초생강과 있다"
JF01_007,JF,JF01,007,64,"진한 갈색의 장어, 밥으로 만들어진 장어초밥이 사각 접시에 담겨 있다","와사비,간장과 사각 접시에 진한 갈색의 장어, 밥으로 만들어진 장어초밥이 있다","락교,와사비,간장,초생강과 사각 접시에 진한 갈색의 장어, 밥으로 만들어진 장어초밥이 있다"
JF01_008,JF,JF01,008,66,"나무도마에 계란, 김, 밥이 들어간 짙은 노란색의 계란초밥이 담겨 있다","나무도마에 계란, 김, 밥이 들어간 짙은 노란색의 계란초밥이 담겨 와사비, 간장과 있다","계란, 김, 밥이 들어간 짙은 노란색의 계란초밥이 나무도마에 담겨 와사비, 락교, 간장, 초생강과 있다"
JF01_009,JF,JF01,009,64,"나무쟁반에 담긴 날치알, 김, 밥으로 만들어진 주황색의 날치알군함초밥이 수저포크세트와 있다","수저포크세트가 날치알, 김, 밥으로 만들어진 주황색의 날치알군함초밥,와사비,간장이 담긴 나무쟁반과 있다","나무쟁반에 날치알, 김, 밥으로 만들어진 주황색의 날치알군함초밥이 담겨 수저포크세트,와사비,간장,락교,초생강과 있다"
JF01_010,JF,JF01,010,67,"접시에 짙은 갈색의 소고기, 밥, 쪽파로 만들어진 소고기초밥이 담겨 있다","짙은 갈색의 소고기, 밥, 쪽파로 만들어진 소고기초밥이 접시에 담겨 와사비, 간장과 있다","접시에 짙은 갈색의 소고기, 밥, 쪽파로 만들어진 소고기초밥이 담겨 초생강, 와사비, 락교, 간장과 있다"
JF01_011,JF,JF01,011,50,"원형나무통에 하양색 연근, 초록색 무순, 주황색 날치알이 고명으로 올려진 지라시스시가 있다","원형나무통에 하양색 연근, 초록색 무순, 주황색 연어가 고명으로 올려진 지라시스시가 와사비와 간장과 놓여있다","원형나무통에 하양색 연근, 무순, 주황색 날치알이 고명으로 올려진 지라시스시가 와사비와 간장,초생강과 놓여있다"
JF02_001,JF,JF02,001,66,"그릇에 가라아게, 우동사리, 연한 갈색의 육수로 만들어진 가라아게냉우동이 있다","가라아게, 우동사리, 연한 갈색의 육수로 만들어진 가라아게냉우동이 그릇에 담겨 단무지와 있다","단무지,새우튀김과 그릇에 가라아게, 우동사리, 연한 갈색의 육수로 만들어진 가라아게냉우동이 있다"
JF02_002,JF,JF02,002,72,보울 안에 연한 갈색 차슈와 노란색 면이 들어간 맑은 하얀색의 차슈돈코츠라멘이 담겨있다,단무지가 그릇에 있고 보울에 옅은 갈색 차슈와 노란색 면이 들어간 맑은 하얀색의 차슈돈코츠라멘이 담겨있다,노란색 새우튀김과 단무지가 그릇에 있고 보울에 옅은 갈색 차슈와 노란색 면이 들어간 맑은 하얀색의 차슈돈코츠라멘이 담겨있다
JF02_003,JF,JF02,003,68,하얀색 면이들어간 진한 노란색 카레우동이 보울에 담겨있다,하얀색 면과 버섯고명이 올라간 보울에 담긴 진한 노란색 카레우동이 단무지와 있다,버섯고명과 하얀색면이 들어간 보울에 담긴 진한 노란색 카레우동이 단무지와 새우튀김과 있다
JF02_004,JF,JF02,004,69,"원형 그릇에 소고기, 우동사리, 소스가 들어간 진한 갈색의 소고기볶음우동이 있다","꼬들단무지와 원형 그릇에 소고기, 우동사리, 소스가 들어간 진한 갈색의 소고기볶음우동이 있다","원형 그릇에 소고기, 우동사리, 소스가 들어간 진한 갈색의 소고기볶음우동이 꼬들단무지,새우튀김과 있다"
JF02_005,JF,JF02,005,34,모밀판에 김이 올라간 짙은 갈색의 판모밀이 담겨 수저젓가락세트와 있다,"모밀판에 김이 올라간 짙은 갈색의 판모밀이 담겨 수저젓가락세트, 단무지와 있다","김이 올라간 짙은 갈색의 판모밀이 모밀판에 담겨 단무지, 수저젓가락세트, 새우튀김과 있다"
JF02_006,JF,JF02,006,66,"그릇에 육수, 메밀면이 들어간 진한 갈색의 온소바가 담겨 있다","그릇에 육수, 메밀면이 들어간 진한 갈색의 온소바가 담겨 꼬들단무지와 있다","육수, 메밀면이 들어간 진한 갈색의 온소바가 그릇에 담겨 단무지, 새우튀김과 있다"
JF03_001,JF,JF03,001,72,"접시에 담긴 깨, 고기, 당근이 들어간 진한 갈색의 고기고로케가 있다","접시에 담긴 콩나물, 깨, 고기, 당근이 들어간 진한 갈색의 고기고로케가 있다","접시에 담긴 와사비, 깨, 고기, 당근이 들어간 진한 갈색의 고기고로케가 있다"
JF03_002,JF,JF03,002,64,"나무접시에 레몬과 새우, 빵가루가 들어간 옅은 갈색의 에비카츠가 담겨 있다","나무접시에 레몬과 새우, 빵가루가 들어간 옅은 갈색의 에비카츠가 담겨 밥과 있다","레몬과 새우, 빵가루가 들어간 옅은 갈색의 에비카츠가 나무접시에 담겨 밥, 꼬들단무지, 미소장국과 있다"
JF03_003,JF,JF03,003,66,"플라스틱쟁반에 새우, 가지, 생선, 고추를 튀겨 만든 연한 노란색의 덴뿌라가 수저세트와 있다","수저세트가 새우, 가지, 생선, 고추를 튀겨 만들어 플라스틱쟁반에 담은 연한 노란색의 덴뿌라, 덴뿌라소스와 있다","플라스틱쟁반에 담긴 새우, 가지, 생선, 고추를 튀겨 만든 연한 노란색의 덴뿌라,덴뿌라소스,양배추샐러드,초생강,수저세트와 있다"
JF03_004,JF,JF03,004,46,"접시에 부침가루, 문어로 만들어진 옅은 갈색의 타코야끼가 있다","접시에 부침가루, 문어로 만들어진 옅은 갈색의 타코야끼가 양배추샐러드와 있다","나무그릇에 부침가루, 문어로 만들어져 나뭇잎이 겻들어진 옅은 갈색의 타코야끼가 있다"
JF03_005,JF,JF03,005,56,"새싹채소가 올라간 새우, 치즈, 튀김가루가 들어간 짙은 노란색의 새우볼튀김이 접시에 담겨 참소스와 있다","새우, 계란, 튀김가루가 들어간 옅은 노란색의 에비후라이가 그릇에 담겨 덴뿌라소스, 양배추샐러드, 초생강과 있다","그릇에 레몬웻지와 새우, 계란, 튀김가루가 들어간 옅은 노란색의 에비후라이가 담겨 있다"
JF03_006,JF,JF03,006,66,"나무접시에 닭고기, 튀김가루가 들어간 짙은 갈색의 치킨가라아게가 담겨 있다","닭고기, 튀김가루가 들어간 짙은 갈색의 치킨가라아게가 나무접시에 담겨 밥과 있다","나무접시에 닭고기, 튀김가루가 들어간 짙은 갈색의 치킨가라아게가 담겨 밥, 꼬들단무지, 미소장국과 있다"
JF03_007,JF,JF03,007,52,검은색 트레이에 짙은 빨간색의 야키니쿠가 담겨 있다,"검은색 트레이에 짙은 빨간색의 야키니쿠가 담겨 밥, 양배추샐러드, 소금, 와사비와 있다","짙은 빨간색의 야키니쿠가 검은색 트레이에 담겨 밥, 양배추샐러드, 소금, 와사비, 꼬들단무지, 미소장국과 있다"
JF03_008,JF,JF03,008,18,"두부, 전분, 쯔유로 만들어져 간 무 고명이 올라간 연한 노란색의 아게다시도후가 그릇에 담겨 있다","양배추샐러드와 그릇에 두부, 전분, 쯔유로 만들어져 간 무 고명이 올라간 연한 노란색의 아게다시도후가 있다","초생강,양배추샐러드와 그릇에 쯔유, 두부, 전분이 들어가 만들어져 간 무 고명이 올라간 연한 노란색의 아게다시도후가 있다"
JF03_009,JF,JF03,009,66,레몬과 짙은 노란색의 고등어구이가 접시에 담겨 있다,접시에 담긴 레몬이 들어간 연한 회색의 사사모구이와 현미밥이 있다,"접시에 담긴 짙은 노란색의 고등어구이가 현미밥, 초생강, 미소장국과 있다"
JF04_001,JF,JF04,001,24,"하얀 밥과 햄,노란 계란이 김으로 싸인 짙은 하얀색의 무스비가 접시에 놓여있다","햄,계란,밥,오이가 짙은 검정색 김으로 싸인 진한 하얀색의 무스비가 접시에 꼬들단무지와 있다","접시에 쌀밥, 햄, 계란, 오이가 들어간 짙은 백색의 무스비가 담겨 꼬들단무지, 미소장국과 있다"
JF04_002,JF,JF04,002,66,"원형트레이에 가다랑어포, 밥, 김으로 만들어진 옅은 갈색의 가다랑어오니기리가 담겨 있다","가다랑어포, 밥, 김으로 만들어진 옅은 갈색의 가다랑어오니기리가 원형트레이에 담겨 꼬들단무지와 함께 있다","원형트레이에 가다랑어포, 밥, 김으로 만들어진 옅은 갈색의 가다랑어오니기리가 담겨 꼬들단무지, 미소장국과 있다"
JF04_003,JF,JF04,003,58,"그릇에 닭고기, 계란, 밥이 들어간 옅은 갈색의 오야꼬동이 담겨 있다","그릇에 닭고기, 계란, 밥이 들어간 옅은 갈색의 오야꼬동이 담겨 꼬들단무지와 있다","닭고기, 계란, 밥이 들어간 옅은 갈색의 오야꼬동이 그릇에 담겨 꼬들단무지, 미소장국과 있다"
JF04_004,JF,JF04,004,64,짙은 갈색의 고기가 들어간 진한 갈색의 규동이 보울에 담겨있다,꼬들단무지와 함께 진한 갈색의 고기가 들어간 진한 갈색의 규동이 보울에 담겨있다,"꼬들단무지,미소장국이 그릇에 담겨있고 짙은 갈색의 고기가 들어간 진한 갈색의 규동이 보울에 담겨있다"
JF04_005,JF,JF04,005,4,"꼬들단무지와 그릇에 가지, 고추, 새우가 들어간 진한 노란색의 텐동이 있다","그릇에 새우, 고추, 가지가 들어간 진한 노란색의 텐동이 꼬들단무지,미소장국과 있다","가지, 새우, 고추가 들어가고 무순 고명이 올라간 진한 노란색의 텐동이 그릇에 담겨 꼬들단무지,미소장국과 있다"
JF04_006,JF,JF04,006,70,"그릇에 돈카츠, 계란, 밥이 들어간 옅은 갈색의 가츠동이 담겨 있다","돈카츠, 계란, 밥이 들어간 옅은 갈색의 가츠동이 그릇에 담겨 꼬들단무지와 있다","그릇에 돈카츠, 계란, 밥이 들어간 옅은 갈색의 가츠동이 담겨 꼬들단무지, 미소장국과 있다"
JF04_007,JF,JF04,007,12,"그릇에 담긴 쌀밥, 녹차, 김이 들어간 맑은 녹색의 김오차즈께가 있다","그릇에 담긴 쌀밥, 녹차, 김이 들어간 맑은 녹색의 김오차즈께가 꼬들단무지와 있다","쌀밥, 녹차, 김이 들어간 맑은 녹색의 김오차즈께가 그릇에 담겨 꼬들단무지, 미소장국과 있다"
JF05_001,JF,JF05,001,58,옅은 빨간색의 시라보시 우메가 우메보시로 만들어 소금을 뿌려 접시에 담겨 있다,"시라보시 우메가 우메보시로 만들어져 락교, 노란색의 자른 단무지와 접시에 있다","접시에 락교, 자른 단무지와 옅은 빨간색의 시라보시 우메가 있다"
JF05_002,JF,JF05,002,67,"접시에 오이, 소금, 설탕으로 만들어진 초록색의 규리즈케가 있다","접시에 오이, 소금, 설탕으로 만들어진 초록색의 규리즈케가 밥과 있다","밥, 미소장국과 접시에 오이, 소금, 설탕으로 만들어진 초록색의 규리즈케가 있다"
JF06_001,JF,JF06,001,48,"냄비에 담긴 버섯, 양배추, 두부가 들어간 진한 하얀색의 모츠나베가 간장소스, 밥, 샐러드, 락교와 있다","버섯, 양배추, 두부가 들어간 진한 하얀색의 모츠나베가 냄비에 담겨 간장소스, 밥과 있다","냄비에 담긴 버섯, 양배추, 두부가 들어간 진한 하얀색의 모츠나베가 있다"
JF06_002,JF,JF06,002,65,"전골냄비에 버섯, 연한 빨간색의 소고기, 배추가 들어간 스끼야끼가 있다","날달걀,간장소스와 전골냄비에 버섯, 연한 빨간색의 소고기, 배추가 들어간 스끼야끼가 있다","전골냄비에 버섯, 연한 빨간색의 소고기, 배추가 들어간 스끼야끼가 날달걀,간장소스,샐러드,락교와 있다"
JF06_003,JF,JF06,003,66,"그릇에 담긴 두부, 된장이 들어간 진한 갈색의 두부미소시루가 있다","두부, 된장이 들어간 진한 갈색의 두부미소시루가 그릇에 담겨 밥과 있다","그릇에 담긴 두부, 된장이 들어간 진한 갈색의 두부미소시루가 밥, 샐러드, 단무지와 있다"
JF06_004,JF,JF06,004,45,"소고기, 진한 갈색의 표고버섯, 깻잎으로 만들어진 밀푀유나베가 도자기 냄비에 담겨 있다","간장소스,밥과 도자기 냄비에 팽이버섯, 소고기, 진한 갈색의 표고버섯, 깻잎으로 만들어진 밀푀유나베가 있다","도자기 냄비에 소고기, 진한 갈색의 표고버섯, 깻잎으로 만들어진 밀푀유나베가 간장소스,밥,샐러드,락교와 있다"
JF06_005,JF,JF06,005,50,"전골냄비에 진한 회색의 새우, 전복, 조개가 들어간 요세나베가 있다","간장소스,밥과 전골냄비에 진한 회색의 전복, 새우, 조개가 들어간 요세나베가 있다","진한 회색의 새우, 전복, 조개가 들어간 요세나베가 전골냄비에 담겨 간장소스,밥,샐러드,락교와 있다"
JF06_006,JF,JF06,006,60,"냄비에 채소, 어묵, 우동면, 육수, 쪽파가 들어간 옅은 갈색의 모츠나베가 담겨 간장소스, 밥, 샐러드, 락교와 과 있다","냄비에 어묵, 우동, 채소가 들어간 옅은 갈색의 모츠나베가 담겨 간장소스, 밥과 있다","어묵, 우동, 채소가 들어간 옅은 갈색의 모츠나베가 냄비에 담겨 간장소스, 밥, 샐러드, 락교와 있다"
JF06_007,JF,JF06,007,14,"전골냄비에 담긴 배추, 버섯, 진한 갈색의 불고기가 들어간 불고기전골이 있다","전골냄비에 담긴 배추, 버섯, 진한 갈색의 불고기가 들어간 불고기전골이 간장소스, 밥과 있다","진한 갈색의 불고기, 배추, 버섯이 들어간 불고기전골이 전골냄비에 담겨 간장소스, 밥, 샐러드, 락교와 있다"
JF06_008,JF,JF06,008,66,"접시에 삼치, 생강, 된장으로 만든 옅은 갈색의 삼치된장조림이 담겨 있다","삼치, 생강, 된장으로 만든 옅은 갈색의 삼치된장조림이 접시에 담겨 밥과 있다","접시에 삼치, 생강, 된장으로 만든 옅은 갈색의 삼치된장조림이 담겨 샐러드, 츠케모노, 밥과 있다"
JF06_009,JF,JF06,009,54,"조개, 소금, 고추가루가 들어간 연한 적색의 매운조개술찜이 냄비에 담겨 간장소스, 밥과 있다","냄비에 담긴 조개, 소금, 고추가루가 들어간 연한 적색의 매운조개술찜이 간장소스, 밥, 샐러드, 락교와 같이 있다","조개, 소금, 고추가루가 들어간 연한 적색의 매운조개술찜이 냄비에 담겨 간장소스, 밥, 샐러드, 락교와 있다"
KF01_001,KF,KF01,001,60,접시에 올라가 있는 연한 분홍색의 삼겹살이 있다,"접시에 담긴 연한 분홍색의 삼겹살이 쌈장,기름장,상추,깻잎과 있다","접시에 담긴 연한 분홍색의 삼겹살이 쌈장,기름장,상추,깻잎,현미밥,깍두기,동치미와 있다"
KF01_002,KF,KF01,002,9,"접시에 짙은 갈색의 돼지갈비가 담겨 수저세트, 쌈장, 쌈류상추깻잎, 현미밥과 있다","접시에 짙은 갈색의 돼지갈비, 송이버섯이 담겨 수저세트와 있다","짙은 갈색의 돼지갈비, 송이버섯이 접시에 담겨 수저세트, 쌈장, 쌈류상추깻잎과 있다"
KF01_003,KF,KF01,003,47,프라이팬에 담긴 버섯이 올라간 연한 분홍색의 돼지목살이 배추김치(구이용)와 있다,"프라이팬에 담긴 버섯이 올라간 연한 분홍색의 돼지목살이 배추김치(구이용),쌈장,기름장,쌈류,현미밥과 함께 있다",그릇에 담긴 버섯이 올라간 연한 분홍색의 돼지목살이 배추김치(구이용)와 있다
KF01_004,KF,KF01,004,5,돼지고기 특수부위인 갈색의 구운 가브리살과 양파가 불판에 놓여있다,갈색의 돼지고기 특수부위인 가브리살 구이와 김치가 불판에 놓여있다,짙은 갈색의 가브리살 돼지고기 특수부위 구이가 접시에 올려져 놓여있다
KF01_005,KF,KF01,005,67,접시 위에 연한 빨간색의 소 갈비살이 놓여져 식탁 위에 올려져 있다,"쌈장,기름장,상추와 깻잎이 접시위에 연한 빨간색소갈비살이 놓여져 있다","접시위에 연한 빨간색 소갈비살이 현미밥과 쌈장,기름장,상추와 깻잎이 놓여져있다"
KF01_006,KF,KF01,006,54,접시에 옅은 회색의 구운 차돌박이가 담겨 수저세트와 있다,"옅은 회색의 구운 차돌박이가 접시에 담겨 수저세트, 쌈장, 기름장, 쌈류와 있다","접시에 옅은 회색의 구운 차돌박이가 담겨 수저세트, 쌈장, 기름장, 쌈류, 현미밥과 있다"
KF01_007,KF,KF01,007,24,접시에 진한 빨간색의 소등심이 담겨 수저세트와 있다,"진한 빨간색의 소등심이 접시에 담겨 수저세트, 쌈장, 기름장, 쌈류와 있다","접시에 진한 빨간색의 소등심이 담겨 수저세트, 쌈장, 기름장, 쌈류, 현미밥과 있다"
KF01_008,KF,KF01,008,78,새송이 버섯과 짙은 빨간색 소 특수부위모듬이 접시 위에 빨간색 김치와 함께 놓여있다,짙은 빨간색 소 특수부위모듬이 접시 위에 잘라져 놓여있다,진한 빨간색 소 특수부위모듬이 접시 위에 놓여있다
KF01_009,KF,KF01,009,57,"식판에 레몬, 옅은 회색의 갈치구이가 담겨 현미밥, 뭇국, 총각김치, 양배추샐러드와 있다",나무접시에 옅은 회색의 갈치구이가 담겨 수저세트와 있다,"나무식판에 옅은 회색의 갈치구이가 담겨 현미밥, 뭇국, 총각김치, 양배추샐러드와 있다"
KF01_010,KF,KF01,010,99,하얀색 백미밥과 짙은 갈색 고등어구이가 노란색 레몬슬라이스와 함께 접시위에 놓여있다,노란색 레몬슬라이스를 곁들인 진한갈색 고등어구이가 접시위에 백미밥과 함께 있다,노란색 레몬슬라이스와 초록색 브로콜리를 곁들인 진한갈색 고등어구이가 접시위에 백미밥과 함께 있다
KF01_011,KF,KF01,011,42,접시에 흰색의 장어구이가 두조각이 수저세트와 있다,장어구이 두조각이 갈색의 수저세트와 접시에 담겨 있다,"장어구이 두조각이 갈색의 수저세트, 장어소스, 생강채, 상추깻잎쌈과 접시에 담겨 있다"
KF01_012,KF,KF01,012,72,그릇에 짙은 빨간색의 오리로스구이가 담겨 수저세트와 있다,"그릇에 짙은 빨간색의 오리로스구이가 담겨 수저세트, 머스타드소스, 쌈무와 있다","짙은 빨간색의 오리로스구이가 그릇에 담겨 수저세트, 머스타드소스, 쌈무, 현미밥과 있다"
KF02_001,KF,KF02,001,61,"뚝배기에 담긴 팽이버섯, 두부, 애호박, 된장이 들어간 진한 갈색의 된장찌개가 있다","뚝배기에 담긴 팽이버섯, 두부, 애호박, 된장이 들어간 진한 갈색의 된장찌개가 현미밥과 있다","팽이버섯, 두부, 애호박, 된장이 들어간 진한 갈색의 된장찌개가 뚝배기에 담겨 현미밥, 배추김치, 콩나물무침과 있다"
KF02_002,KF,KF02,002,42,"뚝배기에 들어있는 빨간색의 참치김치찌개가 수저세트, 현미밥, 깍두기, 콩나물무침과 함께 있다","연한 분홍색의 참치가 들어간 참치김치찌개가 뚝배기에 담겨 수저세트, 현미밥과 있다",옅은 주황색의 참치김치찌개가 뚝배기에 담겨 수저세트와 있다
KF02_003,KF,KF02,003,44,"뚝배기에 담긴 순두부, 버섯, 진한 빨간색 육수의 기본순두부찌개가 있다","순두부, 버섯, 진한 빨간색 육수의 기본순두부찌개가 뚝배기에 담겨 현미밥과 있다","뚝배기에 담긴 순두부, 버섯, 진한 빨간색 육수의 기본순두부찌개가 현미밥, 깍두기, 콩나물무침과 있다"
KF02_004,KF,KF02,004,31,"보울에 콩나물, 파, 슬라이스햄, 당면, 육수,라면사리를 넣어 만든 진한 빨간색의 부대찌개가 수저세트,현미밥,배추김치,콩나물무침과 있다","보울에 담긴 치즈가 올려진 콩나물, 파, 슬라이스햄, 당면, 육수,라면사리를 넣어 만든 진한 빨간색의 부대찌개가 수저세트,현미밥,배추김치,콩나물무침과 있다","보울에 차돌박이, 콩나물, 파, 슬라이스햄, 당면, 육수,라면사리를 넣어 만든 진한 빨간색의 부대찌개가 수저세트,현미밥,배추김치,콩나물무침과 있다"
KF02_005,KF,KF02,005,73,"냄비에 청국장이 흰색의 팽이버섯, 자른 두부, 청국장, 김치가 담겨 수저세트와 있다","현미밥이 냄비에 담긴 팽이버섯, 청국장, 자른 두부, 김치가 담긴 청국장과 갈색의 수저세트와 있다","흰색의 자른 두부, 팽이버섯, 청국장, 김치로 만든 청국장이 냄비에 담겨 현미밥, 콩나물, 자른 김치와 수저세트랑 있다"
KF02_006,KF,KF02,006,51,"냄비에 동태, 홍합, 알, 곤이, 말린 새우를 넣어 만든 짙은 주황색의 동태찌개가 수저세트와 있다","현미밥과 짙은 주황색의 동태찌개가 동태, 곤이, 홍합, 육수를 넣어 만든 냄비에 수저세트와 있다","짙은 주황색의 동태찌개가 홍합, 곤이, 알, 말린새우, 동태를 넣어 만들어 냄비에 담아 수저세트, 현미밥, 콩나물 무침, 배추김치와 있다"
KF02_007,KF,KF02,007,66,"고추 고명, 보리새우, 두부 , 진한 주황색 육수로 만들어진보리새우고추장찌개가 보울에 담겨 현미밥,배추김치,연근조림과 있다","돼지고기, 김치, 옅은 빨간색 육수로 만들어진짜글이가 뚝배기에 담겨 현미밥과 있다","뚝배기에 김치, 돼지고기, 연한 빨간색 육수로 만들어진짜글이가 있다"
KF02_008,KF,KF02,008,38,"뚝배기에 두부, 청경채, 육수가 들어간 짙은 백색의 맑은두부찌개가 담겨 있다","뚝배기에 두부, 청경채, 육수가 들어간 짙은 백색의 맑은두부찌개가 담겨 현미밥과 있다","두부, 청경채, 애호박이 들어간 짙은 백색의 맑은두부찌개가 냄비에 담겨 현미밥, 배추김치, 연근조림과 있다"
KF02_009,KF,KF02,009,60,"뚝배기에 콩비지, 파, 육수가 들어간 연한 노란색의 콩비지찌개가 담겨 현미밥, 배추김치, 콩나물무침과 있다","냄비에 콩비지, 육수가 들어간 연한 노란색의 콩비지찌개가 담겨 현미밥, 배추김치, 콩나물무침과 있다","냄비에 콩비지, 육수가 들어간 연한 노란색의 콩비지찌개가 담겨 현미밥과 있다"
KF02_010,KF,KF02,010,61,"뚝배기에 담긴 흰색의 도루묵, 자른 파, 꽈리고추, 시래기, 육수가 들어간 도루묵찌개가 수저세트와 있다","수저세트,현미밥이 흰색의 도루묵, 자른 파, 꽈리고추, 시래기, 육수가 들어간 도루묵찌개가 뚝배기에 담겨 있다","뚝배기에 흰색의 도루묵, 자른 파, 꽈리고추, 시래기, 육수가 들어간 도루묵찌개가 수저세트,현미밥,배추김치,콩나물무침과 있다"
KF03_001,KF,KF03,001,54,"뚝배기에 갈비, 국물, 조미료가 들어간 옅은 갈색의 갈비탕이 백미밥과 있다","갈비, 국물, 계란고명이 들어간 맑은 갈색의 갈비탕이 뚝배기에 담겨 현미밥과 있다","뚝배기에 갈비, 국물, 조미료가 들어간 옅은 갈색의 갈비탕이 흑미밥과 있다"
KF03_002,KF,KF03,002,48,"그릇에 쌀, 물로 만들어진 연한 갈색의 누룽지가 있다","배추김치와 그릇에 쌀, 물로 만들어진 연한 갈색의 누룽지가 있다","동치미,배추김치,명란젓과 그릇에 쌀, 물로 만들어진 연한 갈색의 누룽지가 있다"
KF03_003,KF,KF03,003,64,짙은 하양색 감자와 짙은 녹색 시래기가 보울에 들어간 맑은 갈색 감자탕이 놓여있다,하양색 감자와 녹색 시래기가 보울에 들어간 맑은 갈색 감자탕이 현미밥과 함께 놓여있다,"현미밥,깍두기,양념게장과 함께 하얀 감자와 짙은 녹색 시래기가 보울에 들어간 맑은 갈색의 감자탕이 놓여있다"
KF03_004,KF,KF03,004,51,"그릇에 자른 고추를 올린 닭고기, 양파, 감자, 파, 당근이 들어간 주황색의 닭도리탕이 수저세트와 있다","자른 깻잎이 올라간 닭고기, 양파, 감자, 파, 당근이 들어간 주황색의 닭도리탕이 그릇에 담겨 현미밥,무국, 수저세트와 있다","수저세트,현미밥,배추김치,동치미가 그릇에 담긴 자른 고추를 올린 닭고기, 양파, 감자, 파, 당근이 들어간 주황색의 닭도리탕과 있다"
KF03_005,KF,KF03,005,60,"냄비에 생선, 육수, 홍합, 무, 파를 넣어 만든 짙은 갈색의 해물탕이 수저세트와 있다","현미밥과 생선, 홍합, 파를 넣어 만든 짙은 갈색의 해물탕을 냄비에 담아 수저세트와 있다","메추리알장조림, 깍두기가 냄비에 생선, 홍합, 파, 무, 육수를 넣어 만든 짙은 갈색의 해물탕과 수저세트, 현미밥과 있다"
KF03_006,KF,KF03,006,72,"화로냄비에 굴비, 무, 두부, 고사리, 고추가루, 쑥갓이 들어간 진한 빨간색의 굴비매운탕이 담겨 있다","냄비에 굴비, 무, 두부, 고사리, 고추가루가 들어간 진한 빨간색의 굴비매운탕이 담겨 현미밥과 있다","굴비, 무, 두부, 고사리, 고추가루가 들어간 진한 빨간색의 굴비매운탕이 냄비에 담겨 현미밥, 깍두기, 메추리알장조림과 있다"
KF03_007,KF,KF03,007,44,"보울에 조개, 미역을 넣어 만든 연한 녹색의 조개미역국과 수저세트가 있다","수저세트, 흑미밥이 조개, 미역으로 만들어 보울에 담긴 연한 녹색의 조개미역국과 있다","보울에 연한 녹색의 조개미역국이 미역, 조개로 만들어 담아 수저세트,흑미밥,갓김치,오징어젓갈과 있다"
KF03_008,KF,KF03,008,77,"닭, 대추, 진한 하얀색의 육수로 만들어진 삼계탕이 보울에 담겨 있다","현미밥과 보울에 닭, 대추, 진한 하얀색의 육수로 만들어진 삼계탕이 있다","보울에 닭, 대추, 진한 하얀색의 육수로 만들어진 삼계탕이 현미밥,깍두기,계란장과 있다"
KF03_009,KF,KF03,009,74,"뚝배기에 소고기, 진한 하얀색 육수로 만들어진 설렁탕이 백미밥과 있다","소고기, 짙은 하얀색 육수로 만들어진 설렁탕이 뚝배기에 담겨 현미밥과 함께 있다","뚝배기에 소고기, 진한 하얀색 육수로 만들어진 설렁탕이 흑미밥과 있다"
KF03_010,KF,KF03,010,58,"식판에 부추가 올라가고 시레기, 미꾸라지, 된장이 들어간 짙은 갈색의 통추어탕이 담겨 현미밥, 깍두기, 갓김치, 귤과 있다","부추가 올라가고 시레기, 미꾸라지, 된장이 들어간 짙은 갈색의 통추어탕이 식판에 담겨 현미밥, 깍두기, 갓김치, 귤과 있다","부추가 올라가고 우렁, 미꾸라지, 시레기, 된장이 들어간 짙은 갈색의 우렁추어탕이 뚝배기에 담겨 현미밥과 있다"
KF03_011,KF,KF03,011,62,"화로냄비에 옅은 갈색의 어묵, 양파, 육수가 들어간 오뎅탕이 담겨 있다","화로냄비에 옅은 갈색의 어묵, 양파, 육수, 쑥갓이 들어간 오뎅탕이 담겨 있다","옅은 갈색의 어묵, 양파, 육수, 쑥갓이 들어간 오뎅탕이 화로냄비에 담겨 간장와사비장과 있다"
KF03_012,KF,KF03,012,61,뚝배기에 담긴 콩나물로 만든 연한 노란색의,"뚝배기에 담긴 맑은 하얀색의 콩나물국과 수저세트,현미밥이 있다","수저세트,현미밥,무생채,메추리알자조림이 뚝배기에 담긴 콩나물국과 있다"
KF03_013,KF,KF03,013,32,"보울에 조개, 파, 무가 들어간 짙은 백색의 조개탕이 담겨 흑미밥, 갓김치, 오징어젓갈과 있다","보울에 고추고명이 올라가고 조개, 파, 무가 들어간 짙은 백색의 조개탕이 담겨 흑미밥, 갓김치, 오징어젓갈과 있다","그릇에 조개, 파, 고추가루가 들어간 진한 빨간색의 얼큰조개탕이 담겨 백미밥과 있다"
KF04_001,KF,KF04,001,66,"냄비에 곱창, 버섯, 연한 주황색 육수로 만들어진 곱창전골이 있다","냄비에 버섯,곱창, 연한 주황색 육수로 만들어진 곱창전골이 현미밥과 있다","현미밥,깍두기,연근조림과 냄비에 곱창, 버섯, 연한 주황색 육수로 만들어진 곱창전골이 있다"
KF04_002,KF,KF04,002,62,"전골냄비에 김치, 배추, 청경채, 팽이버섯, 양파가 들어간 짙은 빨간색의 김치전골이 담겨 현미밥, 깍두기, 연근조림과 있다","김치, 배추, 청경채, 팽이버섯, 양파가 들어간 짙은 빨간색의 김치전골이 전골냄비에 담겨 현미밥과 있다","전골냄비에 김치, 배추, 청경채, 팽이버섯, 양파가 들어간 짙은 빨간색의 김치전골이 담겨 있다"
KF04_003,KF,KF04,003,60,"두부, 버섯, 연한 갈색 육수로 만들어진 버섯두부전골이 전골냄비에 담겨 있다","버섯, 두부, 연한 갈색 육수로 만들어진 버섯두부전골이 전골냄비에 담겨 현미밥과 있다","두부, 버섯, 연한 갈색 육수로 만들어진 버섯두부전골이 전골냄비에 담겨 현미밥,깍두기,연근조림과 있다"
KF04_004,KF,KF04,004,63,"냄비에 김치만두, 흰색의 고기만두, 물만두, 양배추, 표고버섯, 자른 단호박, 육수를 넣은 만두전골이 수저세트와 있다","김치만두, 흰색의 고기만두, 물만두, 양배추, 표고버섯, 자른 단호박, 육수를 넣은 만두전골이 냄비에 담겨 수저세트,현미밥과 있다","수저세트가 냄비에 담긴 김치만두, 흰색의 고기만두, 물만두, 양배추, 표고버섯, 자른 단호박, 육수를 넣은 만두전골,현미밥,깍두기,연근조림과 있다"
KF04_005,KF,KF04,005,66,"냄비에 담긴 진한 분홍색의 고기,청경채,양파,당면이 들어간 불고기전골이 수저세트와 있다","냄비에 담긴 진한 분홍색의 고기,청경채,양파,당면이 들어간 불고기전골이 현미밥,수저세트와 있다","냄비에 담긴 진한 분홍색의 고기,청경채,양파,당면이 들어간 불고기전골이 깍두기,연근조림,현미밥,수저세트와 있다"
KF04_006,KF,KF04,006,73,"냄비에 연한 보라색의 낙지, 팽이버섯, 부추가 들어간 낙지전골이 담겨 있다","냄비에 연한 보라색의 낙지, 팽이버섯, 부추가 들어간 낙지전골이 담겨 현미밥과 있다","연한 보라색의 낙지, 팽이버섯, 부추가 들어간 낙지전골이 냄비에 담겨 현미밥, 연근조림과 있다"
KF04_007,KF,KF04,007,62,"현미밥과 냄비에 동태, 고니, 맑은 빨간색 육수의 동태전골이 있다","냄비에 동태, 고니, 맑은 빨간색 육수의 동태전골이 있다","전골냄비에 미나리, 동태, 고니, 맑은 빨간색 육수의 동태전골이 현미밥,깍두기,연근조림과 있다"
KF04_008,KF,KF04,008,63,"냄비에 짙은 갈색의 수육, 팽이버섯, 부추가 담겨 있다","냄비에 짙은 갈색의 수육, 팽이버섯, 부추가 담겨 현미밥과 있다","짙은 갈색의 수육, 팽이버섯, 부추가 냄비에 담겨 현미밥, 깍두기, 연근조림과 있다"
KF04_009,KF,KF04,009,16,"보울에 계란지단, 잣, 전, 호두가 들어간 옅은 갈색의 신선로가 담겨 있다","보울에 짙은 보라색의 문어, 전복, 버섯, 잣이 들어간 해물신선로가 담겨 현미밥과 있다","짙은 보라색의 문어, 전복, 버섯, 잣이 들어간 해물신선로가 보울에 담겨 현미밥, 깍두기와 있다"
KF05_001,KF,KF05,001,24,"그릇에 담겨 홍어, 오이, 양파, 파, 고추가루가 들어간 짙은 적색의 홍어무침이 있다","그릇에 담겨 홍어, 오이, 양파, 파, 고추가루가 들어간 짙은 적색의 홍어무침이 현미밥과 있다","홍어, 오이, 양파, 파, 고추가루가 들어간 짙은 적색의 홍어무침이 그릇에 담겨 현미밥, 갓김치, 메추리알장조림과 있다"
KF05_002,KF,KF05,002,56,"꼬막, 고추, 고추가루가 들어간 짙은 갈색의 꼬막무침이 접시에 담겨 현미밥, 갓김치, 메추리알장조림과 있다","접시에 꼬막, 고추, 고추가루, 쪽파가 들어간 짙은 갈색의 꼬막무침이 담겨 있다","접시에 꼬막, 고추, 고추가루, 쪽파가 들어간 짙은 갈색의 꼬막무침이 담겨 현미밥과 있다"
KF05_003,KF,KF05,003,42,"접시에 소라, 고추가루, 당근, 애호박, 양파가 들어간 소라무침이 담겨 있다","소라, 고추가루, 당근, 애호박, 양파가 들어간 소라무침이 접시에 담겨 현미밥, 갓김치, 메추리알장조림과 있다","소라, 고추가루, 당근, 애호박, 양파가 들어간 소라무침이 접시에 담겨 현미밥과 있다"
KF05_004,KF,KF05,004,58,"접시에 담긴 오이, 양파, 당근을 넣어 만든 주황색의 일반 오이무침이 수저세트와 있다","접시에 오이, 양파, 당근을 넣어 만든 주황색의 일반 오이무침이 담겨 수저세트,현미밥과 있다","오이, 양파, 당근을 넣어 만든 주황색의 일반 오이무침이 접시에 담겨 수저세트,현미밥,메추리알장조림,갓김치와 있다"
KF05_005,KF,KF05,005,72,접시에 돼지고기로 만든 옅은 빨간색의 족,"접시에 돼지고기, 당근, 상추로 만든 옅은","현미밥이 수저세트,접시에 담긴 족발무침과 있다"
KF05_006,KF,KF05,006,10,접시에 담긴 양파와 오이와 파가 들어간 붉은색 전어무침이 있다.,양파와 오이가 들어간 접시에 담긴 빨간전어무침이 현미밥과 함께있다,"오이, 양파, 고춧가루가 들어간 붉은색 전어무침이 현미밥, 갓김치, 감자조림과 놓여있다"
KF05_007,KF,KF05,007,60,"접시에 오징어, 고추가루, 양배추가 들어간 옅은 빨간색의 오징어무침이 담겨 있다","오징어, 고추가루, 양배추가 들어간 옅은 빨간색의 오징어무침이 접시에 담겨 현미밥과 있다","접시에 오징어, 고추가루, 양배추가 들어간 옅은 빨간색의 오징어무침이 담겨 현미밥, 메추리알장조림, 갓김치와 있다"
KF05_008,KF,KF05,008,51,접시에 콩나물을 넣어 만든 옅은 노란색의 콩나물무침이 젓가락과 있다,"콩나물을 넣어 만든 옅은 노란색의 콩나물무침이 접시에 담겨 수저세트,흑미밥과 있다","접시에 콩나물을 넣어 만든 옅은 노란색의 콩나물무침을 담아 수저세트,흑미밥,뭇국과 있다"
KF05_009,KF,KF05,009,66,"접시에 짙은 갈색의 도토리묵, 당근, 상추, 고추가루가 들어간 도토리묵무침이 담겨 있다","짙은 갈색의 도토리묵, 당근, 상추, 고추가루가 들어간 도토리묵무침이 접시에 담겨 있다","접시에 짙은 갈색의 도토리묵, 당근, 상추, 고추가루가 들어간 도토리묵무침이 담겨 현미밥과 있다"
KF06_001,KF,KF06,001,46,"고추고명이 올라가고 당근, 돼지고기, 고추가루가 들어간 짙은 주황색의 두루치기가 접시에 담겨 현미밥과 있다","접시에 고추고명이 올라가고 당근, 돼지고기, 고추가루가 들어간 짙은 주황색의 두루치기가 담겨 있다","접시에 돼지고기, 당근, 파로 만들어진 짙은 주황색의 두루치가 있다"
KF06_002,KF,KF06,002,59,"접시에 낙지, 주황색의 당근, 초록색의 파로 만들어진 낙지볶음이 있다","접시에 낙지, 주황색의 당근, 초록색의 파로 만들어진 낙지볶음이 현미밥과 있다","현미밥, 미역국과 접시에 낙지, 주황색의 당근, 초록색의 파로 만들어진 낙지볶음이 있다"
KF06_003,KF,KF06,003,48,"접시에 짙은 갈색의 차돌박이, 파고명, 김치, 두부가 들어간 차돌박이두부김치가 담겨 현미밥과 있다","접시에 짙은 갈색의 차돌박이, 파고명, 김치, 두부가 들어간 차돌박이두부김치가 담겨 있다","진한 하얀색의 두부,김치,깨고명이 들어간 두부김치가 접시에 담겨 미역국,오이소박이,현미밥,수저세트와 있다"
KF06_004,KF,KF06,004,33,"오징어,양파,파가 들어간 연한 갈색의 오징어간장볶음이 철판냄비에 담겨 수저세트와 있다","접시에 담긴 오징어,파,양파가 들어간 진한 빨간색의 오징어두루치기가 수저세트와 있다","분홍색의 식판에 담긴 오징어,양파,파가 들어간 연한 갈색의 오징어간장볶음이 현미밥,깍두기,귤,미역국,수저세트와 있다"
KF06_005,KF,KF06,005,67,"접시에 양파, 부추, 당근을 넣어서 만든 주황색의 오리주물럭이 담겨 수저세트와 있다","수저세트가 접시에 담긴 현미밥, 양파, 부추, 당근을 넣어서 만든 주황색의 오리주물럭과 있다","접시에 담긴 현미밥,미역국,깍두기, 양파, 부추, 당근을 넣어서 만든 주황색의 오리주물럭이 수저세트와 있다"
KF06_006,KF,KF06,006,18,"갈색의 똥집으로 볶은 닭똥집이 접시에 담긴채로 수저세트, 콩나물국, 현미밥과 놓여져 있다","고추와 파가 토핑되어 있는 갈색의 닭똥집이 접시위에 현미밥, 콩나물국, 수저세트가 있다","접시위에 고추와 닭똥집을 함께 볶아 만들어진 갈색의 닭똥집과 수저세트, 현미밥, 콩나물국, 계란찜, 깻잎채가 있다"
KF06_007,KF,KF06,007,57,"접시위에 당근,양파,부추와 볶아진 연한 빨간색 쭈꾸미볶음이 놓여있다","현미밥과 함께 접시위에 당근,양파,부추와 볶아진 연한 빨간색 쭈꾸미볶음이 놓여있다","현미밥,미역국,깍두기 와 접시위에 당근,양파,부추와 볶아져 놓인 연한 빨간색 쭈꾸미볶음이 함께 놓여있다"
KF06_008,KF,KF06,008,64,접시 위에 닭발이 들어간 진한 빨간색의 무뼈닭발이 수저세트와 있다,"닭발이 들어간 짙은 빨간색의 무뼈닭발이 접시에 담겨 현미밥,수저세트와 있다","깍두기,미역국,현미밥,수저세트와 접시에 담긴 닭발이 들어간 진한 빨간색의 무뼈닭발이 있다"
KF06_009,KF,KF06,009,40,"접시에 고춧가루,마늘,오돌뼈가 들어간 짙은 빨간색의 오돌뼈가 수저세트와 있다","현미밥,수저세트와 접시에 고춧가루,마늘,오돌뼈가 들어간 짙은 빨간색의 오돌뼈가 있다","접시에 마늘,고춧가루,오돌뼈가 들어간 짙은 빨간색의 오돌뼈가 미역국,깍두기,현미밥,수저세트와 있다"
KF06_010,KF,KF06,010,67,"나무접시에 닭고기,대파,양파가 들어간 진한 빨간색의 닭갈비가 수저세트와 있다","닭고기,대파,양파가 들어간 진한 빨간색의 닭갈비가 나무접시에 담겨 현미밥,수저세트와 있다","미역국,깍두기,현미밥,수저세트와 나무접시에 닭고기,대파,양파가 들어간 진한 빨간색의 닭갈비가 있다"
KF06_011,KF,KF06,011,66,접시위에 당근과 각종 야채가 들어간 진한 붉은색의 곱창볶음이 올려져있다,접시위에 빨간색 곱창볶음이 놓여져 있고 옆에는 현미밥이 있다,"어린이식판 안에 깻잎고명이 올라간 붉은 곱창볶음과 함께 현미밥, 미역국, 깍두기, 귤이 들어있다"
KF06_012,KF,KF06,012,13,"접시에 담긴 당근, 순대, 양파가 들어간 짙은 자주색의 순대볶음이 있다","접시에 담긴 빨간 당근, 순대, 양파가 들어간 짙은 자주색의 순대볶음이 현미밥과 있다","당근, 순대, 양파가 들어간 짙은 자주색의 순대볶음이 접시에 담겨 현미밥,오이소박이,미역국과 있다"
KF06_013,KF,KF06,013,55,"접시에 진한 갈색의 소시지, 피망, 파가 들어간 소시지야채볶음이 있다","진한 갈색의 소시지, 피망, 파가 들어간 소시지야채볶음이 접시에 담겨 현미밥과 있다","접시에 진한 갈색의 소시지, 피망, 파가 들어간 소시지야채볶음이 현미밥, 미역국, 오이소박이와 있다"
KF07_001,KF,KF07,001,51,"접시에 무, 양파, 고추가루, 갈치가 들어간 옅은 빨간색의 갈치조림이 담겨 있다","접시에 무, 양파, 고추가루, 갈치가 들어간 옅은 빨간색의 갈치조림이 담겨 현미밥과 있다","무, 양파, 고추가루, 갈치가 들어간 옅은 빨간색의 갈치조림이 접시에 담겨 현미밥, 동치미, 갓김치와 있다"
KF07_002,KF,KF07,002,48,"그릇에 코다리, 시래기, 고추가루가 들어간 진한 빨간색의 코다리조림이 담겨 있다","그릇에 코다리, 시래기, 고추가루가 들어간 진한 빨간색의 코다리조림이 담겨 현미밥과 있다","코다리, 시래기, 고추가루가 들어간 진한 빨간색의 코다리조림이 그릇에 담겨 현미밥, 동치미, 갓김치와 있다"
KF07_003,KF,KF07,003,51,"접시에 파, 무, 가자미가 들어간 연한 주황색의 가자미조림이 있다","현미밥과 접시에 가자미, 파, 무가 들어간 옅은 주황색의 가자미조림이 있다","동치미,현미밥,갓김치와 접시에 파, 무, 가자미가 들어간 연한 주황색의 가자미조림이 있다"
KF07_004,KF,KF07,004,48,"그릇에 명태,대파,감자,옅은 갈색의 간장이 들어간 명태조림이 수저세트와 있다","현미밥,수저세트와 그릇에 명태,대파,감자,옅은 갈색의 간장이 들어간 명태조림이 있다","그릇에 명태,대파,감자,옅은 갈색의 간장이 들어간 명태조림이 갓김치,동치미,현미밥,수저세트와 있다"
KF07_005,KF,KF07,005,48,"접시에 담긴 조기, 무, 빨간 고추양념이 들어간 연한 적색의 조기조림이 수저세트와 있다","조기, 무, 빨간 고추양념이 들어간 연한 적색의 조기조림이 접시에 담겨 수저세트, 현미밥과 있다","접시에 담긴 조기, 무, 빨간 고추양념이 들어간 연한 적색의 조기조림이 수저세트, 현미밥, 동치미, 갓김치와 있다"
KF07_006,KF,KF07,006,48,"접시에 담긴 고추가루, 설탕, 소금이 들어간 연한 자주색의 두부조림이 있다","접시에 담긴 고추가루, 설탕, 소금이 들어간 연한 자주색의 두부조림이 현미밥과 있다","접시에 담긴 고추가루, 설탕, 소금이 들어간 연한 자주색의 두부조림이 현미밥, 동치미, 갓김치와 있다"
KF07_007,KF,KF07,007,62,"보울에 진한 회색의 꽁치, 무, 양파, 고추가루가 들어간 꽁치조림이 담겨 있다","진한 회색의 꽁치, 무, 양파, 고추가루가 들어간 꽁치조림이 보울에 담겨 현미밥과 있다","보울에 진한 회색의 꽁치, 무, 양파, 고추가루가 들어간 꽁치조림이 담겨 현미밥, 동치미, 갓김치와 있다"
KF07_008,KF,KF07,008,62,"보울에 도루묵, 열무, 고추가루가 들어간 짙은 빨간색의 도루묵조림이 담겨 있다","보울에 도루묵, 열무, 고추가루가 들어간 짙은 빨간색의 도루묵조림이 담겨 현미밥과 있다","도루묵, 열무, 고추가루가 들어간 짙은 빨간색의 도루묵조림이 보울에 담겨 현미밥, 갓김치, 동치미와 있다"
KF07_009,KF,KF07,009,49,"접시에 감자,간장,설탕이 들어간 옅은 갈색의 감자조림이 수저세트와 있다","하얀색의 접시에 간장,감자,설탕이 들어간 옅은 갈색의 감자조림이 수저세트와 있다","쪽파고명,감자,간장,설탕이 들어간 옅은 갈색의 감자조림이 하얀색의 접시에 담겨 수저세트와 있다"
KF07_010,KF,KF07,010,59,"간장,설탕,연근이 들어간 진한 갈색의 연근조림이 접시에 담겨수저세트와 있다","간장,설탕,참기름,연근이 들어간 진한 갈색의 연근조림이 접시에 담겨 수저세트와 있다","접시에 설탕,간장,연근이 들어간 진한 갈색의 연근조림이 현미밥,수저세트와 있다"
KF07_011,KF,KF07,011,77,"계란,돼지고기가 들어간 진한 갈색의 장조림이 그릇에 담겨 있다","그릇에 담긴 계란,돼지고기가 들어간 진한 갈색의 장조림이 현미밥과 있다","계란,돼지고기가 들어간 진한 갈색의 그릇에 담겨 장조림이 백미밥과 함께 있다"
KF08_001,KF,KF08,001,56,밀가루를 입혀 구운 연한 노란색의 육전이 접시에 담겨 있고 간장양념장과 수저세트가 있다,밀가루를 입혀 구운 연한 노란색의 육전이 접시에 담겨 있고 수저세트가 있다,"소고기와 밀가루로 만든 연한 노란색의 육전에 파가 토핑되어 그릇에 담겨 있고 간장양념장, 깍두기, 나박김치, 수저세트가 있다"
KF08_002,KF,KF08,002,50,"접시에 담긴 고추, 감자가 들어간 옅은 노란색의 감자전이 간장양념장, 나박김치, 깍두기와 있다",접시에 빨간 고추가 올려진 연한 노란색의 감자전이 담겨 있고 간장양념장과 수저세트가 놓여져 있다,접시에 빨간 고추가 올려진 연한 노란색의 감자전이 담겨 있고 수저세트가 놓여져 있다
KF08_003,KF,KF08,003,39,"원형나무도마에 보리새우 밀가루, 배추김치로 만든 옅은 적색의 보리새우김치전 있다","간장양념장, 동치미, 갓김치와 접시에 담긴 보리새우 밀가루, 배추김치가 들어간 연한 갈색의 보리새우김치전 한 조각이 있다","동치미,갓김치 간장양념장과 함께 오징어를 올린 연한 빨간색의 해물김치전이 접시에 담겨 있다"
KF08_004,KF,KF08,004,42,초록색 부추가 들어간 연한 노란색의 부추전이 접시에 올려져있다,간장양념장이 있고 초록색 부추가 들어간 연한 노란색의 부추전이 접시에 올려져있다,간장양념장이 있고 연한 노란색의 해물야채전이 접시 위에 놓여있다
KF08_005,KF,KF08,005,39,"접시에 담긴 파, 당근, 오징어가 들어간 옅은 노란색의 해물파전이 있다","접시에 담긴  초록색 파, 당근, 오징어가 들어간 옅은 노란색의 해물파전이 간장양념장과 함께 있다","접시에 담긴 파, 당근, 오징어가 들어간 옅은 노란색의 해물파전이 간장양념장,나박김치,깍두기와 있다"
KF08_006,KF,KF08,006,40,접시에 담긴 굴이 들어간 연한 노란색의 굴전이 있다,접시에 담긴 굴이 들어간 연한 노란색의 굴전이 간장양념장과 있다,"접시에 담긴 굴이 들어간 연한 노란색의 굴전이 간장양념장,깍두기,나박김치와 있다"
KF08_007,KF,KF08,007,41,"녹두, 부추, 소금이 들어간 진한 갈색의 녹두전이 접시에 담겨 간장양념장, 동치미와 있다","접시에 녹두, 부추, 소금이 들어간 진한 갈색의 녹두전이 담겨 간장양념장, 동치미, 배추김치, 현미밥과 있다","나무채반에 녹두, 부추, 소금이 들어간 진한 갈색의 녹두전이 담겨 간장양념장, 동치미, 배추김치, 현미밥과 있다"
KF08_008,KF,KF08,008,68,"""메밀, 해물, 야채가 들어가 만들어져 레몬 슬라이스가 올라간 진한 하얀색의 해물메밀전병이 접시에 담겨 간장양념장과 있다""","""접시에 메밀, 해물, 야채가 들어가 만들어져 레몬 슬라이스가 올라간 진한 하얀색의 해물메밀전병이 있다""","""해물, 메밀, 야채가 들어가 만들어져 레몬 슬라이스가 올라간 진한 하얀색의 해물메밀전병이 후라이팬 접시에 담겨 있다"""
KF08_009,KF,KF08,009,66,옅은 노란색의 동태전이 접시위에 수저세트와 놓여있다,"식판에 간장양념장,동치미와 고추 고명이 올려진 옅은 노란색의 동태전이 놓여있다","레몬슬라이스를 곁들인 옅은 노란색의 대구전이 식판위에 현미밥,미역국,깍두기,간장양념장과 함께 놓여있다"
KF09_001,KF,KF09,001,43,"그릇에 오징어, 깨, 양파, 소금, 고추고명이 들어간 진한 빨간색의 오징어젓갈이 담겨 백미밥과 있다","오징어, 깨, 양파, 소금이 들어간 진한 빨간색의 오징어젓갈이 그릇에 담겨 백미밥과 있다","그릇에 깨, 양파, 소금, 오징어, 고추고명이 들어간 진한 빨간색의 오징어젓갈이 담겨 백미밥과 있다"
KF09_002,KF,KF09,002,14,그릇안에 굴로 만든 옅은 붉은색을 띄는 어리굴젓이 담겨있다,접시안에 파고명이 올라간 옅은색의 붉은 어리굴젓이 들어있다,현미밥과 파고명이 올라간 붉은색의 어리굴젓이 그릇에 담겨있다
KF09_003,KF,KF09,003,61,접시에 옅은 주황색의 명란젓이 담겨 젓가락과 있다,접시에 쪽파가 올라간 옅은 주황색의 명란젓이 담겨 젓가락과 있다,접시에 쪽파가 올라간 옅은 주황색의 명란젓이 담겨 현미밥과 있다
KF09_004,KF,KF09,004,56,진한 빨간색의 갈치속젓이 그릇에 현미밥과 놓여있다,연한 빨간색 배추김치와 현미밥과 진한 빨간색의 갈치속젓이 그릇에 놓여있다,짙은 빨간색의 갈치속젓이 초록색 쪽파를 올려 그릇에 놓여있다
KF09_005,KF,KF09,005,73,현미밥과 접시에 간장이 들어간 짙은 갈색의 간장게장이 함께 있다,"고추 고명, 간장이 들어간 진한 갈색의 간장게장 네 조각이 접시에 담겨 현미밥과 있다","그릇에 게, 간장이 들어간 짙은 갈색의 황게장이 담겨 있다"
KF09_006,KF,KF09,006,13,"그릇에 담긴 고추 고명, 조개가 들어간 진한 빨간색 양념 조개젓이 현미밥과 있다","고추 고명, 조개가 들어간 진한 빨간색 양념 조개젓이 그릇에 담겨 현미밥,다시마쌈,알배추쌈과 함께 있다","짙은 빨간 양념을 사용하여 만든 양념조개젓이 나뭇잎 그릇에 담겨져 있고 현미밥, 다시마쌈, 알배추쌈, 수저세트가 있다"
KF09_007,KF,KF09,007,47,진한 빨간색 양념게장이 접시 위에 있고 수저세트와 놓여있다,고추를 썰어올린 진한 빨간색 양념게장이 접시 위에 현미밥과 놓여있다,진한 빨간색 양념게장이 고추고명이 올려져 접시 위에 놓여있다
KF09_008,KF,KF09,008,58,"그릇에 담긴 파 고명, 생선이 들어간 진한 빨간색 식해가 현미밥과 있다","파 고명, 생선이 들어간 진한 빨간색 식해가 그릇에 담겨 현미밥,미역국,배추김치와 있다","그릇에 담긴 고추 고명, 생선이 들어간 진한 빨간색 식해가 현미밥,미역국,배추김치와 있다"
KF09_009,KF,KF09,009,41,접시 위에 진한 갈색의 전복장 두마리가 올라가있으며 현미밥이 있다,접시위에 진한 갈색의 전복장 두마리가 올라가 있고 그 위에는 고추고명이 있으며 옆에는 현미밥이 있다,고추고명이 올라간 진한 갈색의 전복장 두마리가 접시위에 담겨있다
KF09_010,KF,KF09,010,54,"고추고명이 올라간 옅은 백색의 새우젓이 그릇에 담겨 수저세트, 현미밥과 있다","고추고명이 올라간 옅은 백색의 새우젓이 그릇에 담겨 수저세트, 현미밥, 다시마쌈, 알배추쌈과 있다","그릇에 옅은 백색의 새우젓이 담겨 수저세트, 현미밥과 같이 있다"
KF10_001,KF,KF10,001,20,"접시에 계란,소금이 들어간 연한 노란색의 계란찜이 수저세트와 있다","계란,소금이 들어간 연한 노란색의 계란찜이 접시에 담겨 현미밥,수저세트와 있다","현미밥,나박김치,깍두기,수저세트와 접시에 계란,소금이 들어간 연한 노란색의 계란찜이 있다"
KF10_002,KF,KF10,002,77,"보울에 아귀,콩나물,고춧가루가 들어간 짙은 빨간색의 아구찜이 수저세트와 있다","아귀,콩나물,고춧가루가 들어간 짙은 빨간색의 아구찜이 현미밥,수저세트와 보울에 담겨 있다","보울에 아귀,콩나물,고춧가루가 들어간 짙은 빨간색의 아구찜이 현미밥,달걀찜,나박김치,수저세트와 있다"
KF10_003,KF,KF10,003,59,"보울에 낙지, 콩나물, 새우, 생선알이 들어간 짙은 빨간색의 해물찜이 담겨 있다","낙지, 콩나물, 새우, 생선알이 들어간 짙은 빨간색의 해물찜이 보울에 담겨 현미밥과 있다","보울에 낙지, 콩나물, 새우, 생선알이 들어간 짙은 빨간색의 해물찜이 담겨 달걀찜, 깍두기, 현미밥과 있다"
KF10_004,KF,KF10,004,64,진한 붉은색을 띄고있는 코다리찜이 접시 위에 놓아져있다,현미밥이 있고 접시위에는 진한 붉은색의 코다리찜이 올라가있다,"깍두기, 현비밥, 달걀찜이 있고 접시위에는 고추고명이 올라간 진한 붉은색의 코다리찜이 올라가있다"
KF10_005,KF,KF10,005,40,접시에 연한 회색의 민어찜이 담겨 수저세트와 있다,"접시에 연한 회색의 민어찜이 담겨 수저세트, 초간장과 있다","그릇에 연한 회색의 민어찜이 담겨 수저세트, 초간장, 현미밥, 깍두기, 미역국과 있다"
KF10_006,KF,KF10,006,27,"뚝배기에 담긴 당근, 감자, 양파, 갈비가 들어간 짙은 갈색 갈비찜이 있다","뚝배기에 담긴 당근, 감자, 양파, 갈비가 들어간 짙은 갈색 갈비찜이 현미밥과 있다","뚝배기에 담긴 당근, 감자, 양파, 갈비가 들어간 짙은 갈색 갈비찜이 현미밥,깍두기,달걀찜과 있다"
KF10_007,KF,KF10,007,65,"소쿠리에 게, 레몬 슬라이스가 올라간 진한 주황색의 게찜이 있다","현미밥과 소쿠리에 게, 레몬 슬라이스가 올라간 진한 주황색의 게찜이 있다","깍두기,현미밥,달걀찜과 소쿠리에 게, 레몬 슬라이스가 올라간 진한 주황색의 게찜이 있다"
KF10_008,KF,KF10,008,64,돼지등뼈로 만들어진 진한 갈색의 뼈찜이 나무 접시에 담겨 있다,현미밥과 나무 접시에 돼지등뼈로 만들어진 진한 갈색의 뼈찜이 있다,"달걀찜,현미밥,깍두기와 나무 접시에 돼지등뼈로 만들어진 진한 갈색의 뼈찜이 있다"
KF10_009,KF,KF10,009,66,올라가 있는 진한 하얀색의 가오리찜이 그릇 위에 담겨 있다,접시 위에 올라가 있는 진한 하얀색의 가오리찜이 있다,그릇 위에 양념장이 올라가 있는 진한 하얀색의 가오리찜이 현미밥과 있다
KF10_010,KF,KF10,010,63,"접시에 찹쌀, 당면, 선지가 들어간 진한 자주색의 순대가 있다","접시에 당면, 찹쌀, 선지가 들어간 진한 자주색의 순대가 새우젓과 함께 있다","새우젓,파김치,오뎅탕과 접시에 찹쌀, 당면, 선지가 들어간 진한 자주색의 순대가 있다"
KF10_011,KF,KF10,011,53,"닭, 간장, 만두, 당근, 양파로 만들어진 짙은 갈색의 안동찜닭이 그릇에 담겨 현미밥과 같이 있다","그릇에 닭고기, 감자, 깻잎이 들어간 짙은 갈색의 찜닭이 담겨 현미밥, 배추김치, 동치미와 있다","그릇에 닭, 간장, 만두, 당근, 양파로 만들어진 짙은 갈색의 안동찜닭이 담겨 연근초절임, 깍두기, 현미밥과 있다"
KF10_012,KF,KF10,012,69,진한 색회색의 소라찜 두마리가 접시위에 올라가있다,접시위에 회색을 띄는 소라찜 두마리가 올라가있고 초고추장이 있다,"접시위에 짙은 회색 소라찜이 올라가있고 현미밥, 미역국, 깍두기, 초고추장이 있다"
KF11_001,KF,KF11,001,48,"회색의 접시에 소고기,깨,소금이 들어간 진한 빨간색의 소금양념육회가 수저세트와 있다","접시에 소고기,깨,소금이 들어간 진한 빨간색의 소금양념육회가 수저세트와 있다","회색의 접시에 소고기,깨,소금이 들어간 진한 빨간색의 소금양념육회,무가 수저세트와 있다"
KF11_002,KF,KF11,002,58,"보울에 회, 야채, 진한 빨간색의 육수가 들어간 물회가 있다","보울에 회, 야채, 진한 빨간색의 육수가 들어간 물회가 미밥,소면,갓김치,초고추장,다시마쌈과 있다","소면,현미밥,갓김치와 나무 보울에 야채, 회, 진한 빨간색의 육수가 들어간 물회가 있다"
KF11_003,KF,KF11,003,57,"접시에 옅은 갈색의 돌멍게, 레몬이 담겨 수저세트, 초고추장과 있다","옅은 갈색의 돌멍게, 레몬이 접시에 담겨 수저세트와 있다","플라스틱채반에 옅은 갈색의 돌멍게, 레몬이 담겨 수저세트와 있다"
KF11_004,KF,KF11,004,30,불판에 전복으로 만들어진 진한 하얀색의 전복회가 있다,초고추장과 불판에 전복으로 만들어진 진한 하얀색의 전복회가 있다,"불판에 전복으로 만들어진 진한 하얀색의 전복회가 현미밥,다시마쌈,초고추장,갓김치,미역국과 있다"
KF11_005,KF,KF11,005,37,접시에 짙은 백색의 문어숙회가 담겨 수저세트와 있다,"접시에 짙은 백색의 문어숙회가 담겨 수저세트, 초고추장과 있다","짙은 백색의 문어숙회가 접시에 담겨 수저세트, 초고추장, 현미밥, 다시마쌈, 갓김치, 미역국과 있다"
KF11_006,KF,KF11,006,35,플라스틱 채반에 담긴 옅은 하얀색의 키조개가 있다,"초고추장,와사비,간장과 플라스틱 채반에 담긴 옅은 하얀색의 키조개가 있다","옅은 하얀색의 키조개가 플라스틱 채반에 담겨 초고추장,와사비,간장,현미밥,상추쌈,갓김치,미역국과 있다"
KF11_007,KF,KF11,007,60,사각 접시에 오징어로 만들어진 진한 하얀색의 오징어숙회가 있다,초고추장과 사각 접시에 오징어로 만들어진 진한 하얀색의 오징어숙회가 있다,"현미밥,다시마쌈,초고추장,갓김치,미역국과 사각 접시에 오징어로 만들어진 진한 하얀색의 오징어숙회가있다"
KF11_008,KF,KF11,008,51,레몬과 짙은 하얀색의 낙지탕탕이가 그릇에 담겨 있다,그릇에 무순 고명이 올라간 짙은 하얀색의 낙지탕탕이가 있다,무순 고명이 올라간 짙은 하얀색의 낙지탕탕이가 그릇에 담겨 초고추장과 있다
KF11_009,KF,KF11,009,36,접시에 담긴 연한 흰색의 광어회가 수저세트와 있다,"접시에 담긴 연한 흰색의 광어회가 수저세트, 초고추장, 쌈장과 있다","연한 흰색의 광어회가 접시에 담겨 수저세트, 초고추장, 쌈장, 현미밥, 상추쌈, 갓김치, 미역국과 있다"
KF11_010,KF,KF11,010,66,접시에 짙은 빨간색의 육사시미가 담겨 수저세트와 있다,"짙은 빨간색의 육사시미가 접시에 담겨 수저세트, 고추장양념장과 있다","접시에 짙은 빨간색의 육사시미가 담겨 수저세트, 고추장양념장, 현미밥, 갓김치, 동치미와 있다"
KF12_001,KF,KF12,001,32,진한 초록색의 갓김치가 접시위에 놓여있고 수저세트가 있다,현미밥과 함께 진한 초록색의 갓김치가 접시위에 놓여있다,진한 초록색의 갓김치가 접시위에 있고 현미밥과 함께 놓여있다
KF12_002,KF,KF12,002,42,"그릇에 담겨 있는 무, 파, 연한 빨간색의 육수가 들어간 물김치(나박김치)가 현미밥과 있다","현미밥과 그릇에 고추 고명을 올린 파, 무, 연한 빨간색의 육수가 들어간 물김치(나박김치)가 있다","그릇에 고추 고명을 올린 무, 파, 연한 빨간색의 육수가 들어간 물김치(나박김치)가 있다"
KF12_003,KF,KF12,003,44,"얼갈이, 깨, 고추가루, 고추고명이 들어간 진한 초록색의 얼갈이겉절이가 접시에 담겨 현미밥과 함께 있다","배추, 파, 고추가루가 들어간 옅은 빨간색의 겉절이가 접시에 담겨 있다","접시에 얼갈이, 깨, 고추가루, 고추고명이 들어간 진한 초록색의 얼갈이겉절이가 담겨 있다"
KF12_004,KF,KF12,004,40,접시 위에는 빨간 고춧가루가 있는 오이소박이가 놓여져 수저세트와 같이 있다,"현미밥, 수저세트가 접시에 놓인 빨간 오이소박이가 옆에 있다",빨간색 고춧가루로 무쳐진 오이소박이가 접시에 놓여져 수저세트와 함께 있다
KF12_005,KF,KF12,005,68,"그릇에 담긴 고추가루, 소금, 설탕이 들어간 진한 빨간색 배추김치가 있다","고추가루, 소금, 설탕이 들어간 진한 빨간색 배추김치가 그릇에 담겨 있다","그릇에 담긴 고추가루, 소금, 설탕이 들어간 진한 빨간색 배추김치가 백미밥과 있다"
KF12_006,KF,KF12,006,48,"고춧가루, 우엉, 마늘, 소금으로 만들어져 고추가 올라간 짙은 빨간색의 우엉김치가 원형그릇에 담겨 현미밥과 있다","원형그릇에 고춧가루, 우엉, 마늘, 소금으로 만들어진 짙은 빨간색의 우엉김치가 담겨 있다","우엉, 참기름, 고춧가루, 소금, 마늘로 만들어져 고추가 올라간 짙은 빨간색의 우엉김치가 원형그릇에 담겨 있다"
KF12_007,KF,KF12,007,5,"현미밥, 수저세트가 그릇에 담긴 빨간색 홍고추, 무, 쪽파로 만들어진 자른동치미와 함께 있다","수저세트 옆에는 빨간색 홍고추, 무, 쪽파로 만들어진 자른동치미가 보울에 담겨 있으며 그 옆에는 현미밥이 있다","분홍색의 국물, 무, 쪽파가 있는 비트석박지가 그릇에 담겨 수저세트와 같이 있다"
KF12_008,KF,KF12,008,27,"접시에 부추, 고추가루, 간장이 들어간 짙은 초록색의 부추김치가 담겨 있다","부추, 고추가루, 간장이 들어간 짙은 초록색의 부추김치가 접시에 담겨 현미밥과 있다","부추, 고추가루, 간장이 들어간 짙은 초록색의 부추김치가 접시에 담겨 있다"
KF12_009,KF,KF12,009,44,"접시에 열무, 고추가루, 소금이 들어간 옅은 빨간색의 총각김치볶음이 담겨 현미밥과 있다","된장, 총각무, 고추가루가 들어간 짙은 적색의 총각무된장볶음이 접시에 담겨 현미밥과 같이 있다","대추가 올라가고 된장, 총각무, 고추가루가 들어간 짙은 적색의 총각무된장볶음이 접시에 담겨 현미밥과 같이 있다"
KF12_010,KF,KF12,010,52,"접시에 고추가루, 열무로 만든 짙은 초록색의 열무김치가 담겨 있다","고추가루, 열무로 만든 짙은 초록색의 열무김치가 접시에 담겨 현미밥과 있다","접시에 고추가루, 열무로 만든 짙은 초록색의 열무김치가 담겨 현미밥과 있다"
KF12_011,KF,KF12,011,60,"그릇에 담긴 무, 고추가루가 들어간 연한 적색의 깍두기가 있다","무, 고추가루가 들어간 연한 적색의 깍두기가 그릇에 담겨 백미밥과 있다","그릇에 담긴 무, 고추가루, 쪽파가 들어간 연한 적색의 깍두기가 백미밥과 있다"
KF12_012,KF,KF12,012,40,"그릇에 깻잎, 간장, 고추가루가 들어간 짙은 초록색의 깻잎김치가 담겨 있다","깻잎, 간장, 고추가루가 들어간 짙은 초록색의 깻잎김치가 그릇에 담겨 백미밥과 있다","깻잎, 간장, 고추가루가 들어간 짙은 초록색의 깻잎김치가 접시에 담겨 백미밥과 있다"
KF12_013,KF,KF12,013,39,"접시에 파, 고추가루가 들어간 짙은 초록색의 파김치가 담겨 있다","접시에 파, 고추가루가 들어간 짙은 초록색의 파김치가 담겨 현미밥과 있다","파, 고추가루가 들어간 짙은 초록색의 파김치가 접시에 담겨 현미밥과 있다"
KF13_001,KF,KF13,001,42,접시에 담긴 연한 노란색의 콘도그가 수제세트와 있다,접시에 설탕가루가 뿌려진 연한 노란색의 콘도그가 수제세트와 있다,연한 노란색의 콘도그가 접시에 담겨 수제세트와 있다
KF13_002,KF,KF13,002,59,"그릇에 떡, 오뎅, 고추가루가 들어간 짙은 빨간색의 떡볶이가 담겨 있다","떡, 오뎅, 고추가루가 들어간 짙은 빨간색의 떡볶이가 그릇에 담겨 있다","그릇에 떡, 오뎅, 고추가루가 들어간 짙은 빨간색의 떡볶이가 담겨 오뎅탕과 있다"
KF13_003,KF,KF13,003,54,"그릇에 돼지허파, 간이 들어간 짙은 회색의 돼지부속이 담겨 있다","그릇에 돼지허파, 간이 들어간 짙은 회색의 돼지부속이 담겨 새우젓과 있다","돼지허파, 간이 들어간 짙은 회색의 돼지부속이 그릇에 담겨 새우젓, 파김치, 오뎅탕과 있다"
KF13_004,KF,KF13,004,59,"오징어, 어묵, 떡이 들어간 짙은 검은색의 해물짜장떡볶이가 그릇에 담겨 우동장국, 단무지와 있다","떡, 어묵, 짜장소스가 들어간 옅은 검은색의 짜장떡볶이가 보울에 담겨 오뎅탕과 있다","보울에 떡, 어묵, 짜장소스가 들어간 옅은 검은색의 짜장떡볶이가 담겨 오뎅탕, 단무지와 있다"
KF13_005,KF,KF13,005,54,"보울에 담긴 떡볶이 떡, 크림소스가 들어간 진한 백색의 크림떡볶이가 있다","냄비에 담긴 떡볶이 떡, 크림소스가 들어간 진한 백색의 크림떡볶이가 있다","떡볶이 떡, 크림소스가 들어간 진한 백색의 크림떡볶이가 냄비에 담겨 오뎅탕과 있다"
KF13_006,KF,KF13,006,58,"식판에 담긴 어묵, 고추장, 떡이 들어간 진한 주황색 국물떡볶이가 흑미밥,오뎅탕,단무지무침,달걀장조림과 있다","식판에 담긴 어묵, 라면사리, 떡이 들어간 진한 주황색 국물떡볶이가 흑미밥,오뎅탕,단무지무침,달걀장조림과 있다","식판에 담긴 어묵, 치즈, 떡이 들어간 진한 주황색 국물떡볶이가 흑미밥,오뎅탕,단무지무침,달걀장조림과 있다"
KF13_007,KF,KF13,007,66,"보울에 어묵, 파, 육수가 들어간 옅은 갈색의 꼬치어묵이 담겨 있다","보울에 어묵, 파, 육수가 들어간 옅은 갈색의 꼬치어묵이 담겨 간장양념장과 있다","그릇에 어묵, 파, 육수가 들어간 옅은 갈색의 꼬치어묵이 담겨 간장양념장과 있다"
KF13_008,KF,KF13,008,31,"고추장, 차돌, 떡이 들어간 진한 주황색 차돌떡볶이가 보울에 담겨 있다","차돌, 고추장, 떡이 들어간 진한 주황색 차돌떡볶이가 보울에 담겨 오뎅탕과 함께 있다","고추장, 차돌, 떡이 들어간 진한 주황색 차돌떡볶이가 보울에 담겨 오뎅탕,단무지와 있다"
KF13_009,KF,KF13,009,44,"접시에 밀가루, 설탕, 깨가 들어간 옅은 갈색의 호떡이 담겨 있다","견과류가 뿌려지고 밀가루, 설탕, 깨가 들어간 옅은 갈색의 호떡이 접시에 담겨 있다","접시에 견과류가 뿌려지고 밀가루, 설탕, 깨가 들어간 옅은 갈색의 호떡이 담겨 있다"
KF13_010,KF,KF13,010,24,"그릇에 팥, 밀가루, 설탕이 들어간 연한 노란색의 단팥붕어빵이 담겨 있다","접시에 팥, 밀가루, 설탕이 들어간 연한 노란색의 단팥붕어빵이 담겨 있다","팥, 밀가루, 설탕이 들어간 연한 노란색의 단팥붕어빵이 접시에 담겨 있다"
KF13_011,KF,KF13,011,49,"접시에 담긴 양념소스, 소세지, 떡이 들어간 연한 주황색 소떡소떡이 있다","양념소스, 소세지, 떡이 들어간 연한 주황색 소떡소떡이 접시에 담겨 있다","빨간색 케찹, 양념소스, 소세지, 떡이 들어간 연한 주황색 소떡소떡이 접시에 담겨 있다"
KF14_001,KF,KF14,001,45,"냄비에 무절이, 계란, 오이, 냉면이 들어간 연한 회색의 물냉면이 있다","배추김치, 단무지와 냄비에 계란, 무절이, 오이, 냉면이 들어간 연한 회색의 물냉면이 있다","계란, 무절이, 오이, 냉면이 들어간 연한 회색의 물냉면이 보울에 담겨 배추김치, 단무지와 있다"
KF14_002,KF,KF14,002,50,"보울에 계란, 열무, 연한 회색의 냉면이 들어간 열무비빔냉면이 있다","계란, 열무, 연한 회색의 냉면이 들어간 열무비빔냉면이 보울에 담겨 배추김치,단무지와 있다","보울에 오이, 계란, 열무, 연한 회색의 냉면이 들어간 열무비빔냉면이 배추김치,단무지와 있다"
KF14_003,KF,KF14,003,27,"보울에 면, 국물, 라면스프가 들어간 옅은 빨간색의 라면이 담겨 배추김치와 있다","보울에 면, 국물, 라면스프가 들어간 옅은 빨간색의 라면이 담겨 있다","면, 국물, 라면스프가 들어간 옅은 빨간색의 라면이 보울에 담겨 배추김치, 단무지, 현미밥과 있다"
KF14_004,KF,KF14,004,14,"소면, 노란색 계란, 애호박이 들어간 잔치국수가 그릇에 담겨 있다","소면, 노란색 계란, 애호박이 들어간 잔치국수가 그릇에 담겨 단무지, 배추김치, 수저세트와 함께 있다","수저세트, 단무지, 수저세트는 보울에 담긴 배추, 애호박, 하얀 소면이 있는 콩나물멸치잔치국수와 같이 놓여 있다"
KF14_005,KF,KF14,005,21,"접시에 담긴 지단, 김, 간장이 들어간 옅은 주황색 간장비빔국수가 배추김치,단무지와 있다","접시에 담긴 지단, 김, 간장이 들어간 옅은 주황색 간장비빔국수가 있다","노란색 지단, 김, 간장이 들어간 옅은 주황색 간장비빔국수가 접시에 담겨 있다"
KF14_006,KF,KF14,006,58,"보울에담긴 오이와 진한 회색 육수의 콩국수가 배추김치,단무지와 있다",보울에담긴 초록색 오이와 진한 회색 육수의 콩국수가 있다,보울에담긴 오이와 진한 회색 육수의 콩국수가 있다
KF14_007,KF,KF14,007,58,"보울에는 대파, 김가루, 계란이 있는 칼국수가 담겨 수저세트, 양념장과 함께 있다","수저세트,검정색 양념장,배추김치,단무지가 보울에 담긴 대파, 김가루, 계란이 있는 칼국수와 함께 있다","수저세트, 검정색 양념장은 대파, 김가루, 진한 하얀색의 육수가 있는 보울에 담긴 칼국수와 같이 있다"
KF14_008,KF,KF14,008,46,"보울에 담긴 김, 진한 빨간색 고추장, 메밀국수가 들어간 막국수가 열무김치와 있다","보울에 담긴 김, 진한 빨간색 고추장, 메밀국수가 들어간 막국수가 열무김치,동치미와 있다","그릇에 담긴 김, 진한 빨간색 고추장, 메밀국수가 들어간 막국수가 열무김치,동치미와 있다"
KF14_009,KF,KF14,009,44,"보울에 짙은 초록색의 열무김치, 오이, 면이 들어간 열무국수가 담겨 있다","보울에 짙은 초록색의 열무김치, 오이, 면이 들어간 열무국수가 담겨 단무지가 있다","짙은 초록색의 열무김치, 오이, 면이 들어간 열무국수가 보울에 담겨 있다"
KF14_010,KF,KF14,010,63,"그릇에 당근, 당면, 시금치가 들어간 옅은 갈색의 잡채가 현미밥과 있다","당근, 당면, 시금치가 들어간 옅은 갈색의 잡채가 그릇에 담겨 동치미,배추김치,오징어젓갈과 있다","지단, 당근, 당면, 시금치가 들어간 옅은 갈색의 잡채가 접시에 담겨 있다"
KF15_001,KF,KF15,001,23,"보울에 회, 당근, 오이, 양배추, 짙은 빨간색의 초고추장으로 만든 회덮밥이 담겨 있다","회, 당근, 오이, 양배추, 짙은 빨간색의 초고추장으로 만든 회덮밥이 보울에 담겨 나박김치와 있다","보울에 회, 당근, 오이, 양배추, 짙은 빨간색의 초고추장으로 만든 회덮밥이 담겨 연근조림, 배추김치, 나박김치와 있다"
KF15_002,KF,KF15,002,58,"보울에 담긴 양파, 당근, 돼지고기가 들어간 연한 빨간색의 제육덮밥이 있다","양파, 당근, 돼지고기가 들어간 연한 빨간색의 제육덮밥이 보울에 담겨 콩나물국과 있다","보울에 담긴 양파, 당근, 돼지고기가 들어간 연한 빨간색의 제육덮밥이 콩나물국, 무생채, 메추리알장조림과 있다"
KF15_003,KF,KF15,003,48,"보울에 담긴 오징어, 고추가루, 파가 들어간 진한 적색의 오징어덮밥이 무국, 무생채, 메추리알장조림과 있다","고추가루, 오징어, 파가 들어간 진한 적색의 오징어덮밥이 보울에 담겨 무국, 무생채, 메추리알장조림과 있다","보울에 담긴 오징어, 고추가루, 파가 들어간 진한 적색의 오징어덮밥이 무국과 있다"
KF15_004,KF,KF15,004,61,"식판에는 초록색, 빨간색 고추가 올려진 불고기덮밥이 메추리알장조림, 무생채, 귤, 콩나물국과 같이 놓여져 수저세트와 같이 있다","식판 위에는 콩나물국, 귤, 무생채, 메추리알장조림이 흰색 쌀밥으로 만든 불고기덮밥과 같이 담겨 있고 그 옆에는 수저세트와 같이 있다","빨간색과 초록색의 고추가 올려진 돼지불고기가 들어간 불고기덮밥이 보울에 담겨 수저세트, 무생채, 메추리알장조림, 콩나물국이 같이 있다"
KF15_005,KF,KF15,005,49,"보울에 담긴 감자, 카레, 밥이 들어간 진한 황색 카레덮밥이 있다","감자, 카레, 밥이 들어간 진한 황색 카레덮밥이 보울에 담겨 동치미와 있다","감자, 카레, 밥이 들어간 진한 황색 카레덮밥이 그릇에 담겨 동치미와 있다"
KF15_006,KF,KF15,006,63,"짙은 빨간색의 고추장, 나물, 밥이 들어간 비빔밥이 보울에 담겨 있다","짙은 빨간색의 고추장, 나물, 밥이 들어간 비빔밥이 보울에 담겨 무생채, 메추리알장조림, 콩나물국과 있다","보울에 짙은 빨간색의 고추장, 나물, 밥이 들어간 비빔밥이 담겨 콩나물국과 있다"
KF15_007,KF,KF15,007,53,"보울는 닭고기, 노란색 계란, 쌀로 만든 치킨마요덮밥이 담겨져 수저세트와 같이 있다","쪽파가 올려진 노란색 계란지단 닭고기, 쌀로 만든 치킨마요덮밥이 보울에 담겨진 채 배추김치와 함께 있다","보울에는 노란색 계란지단 닭고기, 쌀로 만든 치킨마요덮밥이 보울에 담겨진 채 쪽파가 올려져 있고 단무지와 함께 있다"
KF15_008,KF,KF15,008,60,"보울에 담긴 연한 갈색 장어, 간장소스가 들어간 장어덮밥이 있다","보울에 담긴 연한 갈색 장어, 간장소스가 들어간 장어덮밥이 동치미와 있다","보울에 담긴 연한 갈색 장어, 간장소스가 들어간 장어덮밥이 동치미,배추김치,연근조림과 있다"
KF15_009,KF,KF15,009,61,"식판에 콩나물, 밥, 고기, 간장양념이 들어간 옅은 갈색의 콩나물밥이 담겨 김, 나박김치, 무생채와 있다","식판에 콩나물, 밥, 고기, 간장양념이 들어간 옅은 갈색의 콩나물밥이 담겨 김, 나박김치, 무생채, 간장양념장과 있다","보울에 콩나물, 고기, 밥이 들어간 옅은 갈색의 콩나물밥이 담겨 있다"
KF15_010,KF,KF15,010,57,"보울에 담긴 고추, 부추, 꼬막이 올라간 짙은 갈색의 꼬막비빔밥이 무국과 있다","보울에 담긴 밥에 김, 고추, 부추, 꼬막이 올라간 짙은 갈색의 꼬막비빔밥이 무국, 무생채, 메추리알장조림과 있다","밥에 김, 참깨, 부추, 꼬막이 올라간 짙은 갈색의 꼬막비빔밥이 보울에 담겨 무국, 무생채, 메추리알장조림과 있다"
KF15_011,KF,KF15,011,66,"보울에 담긴 진한 적색의 육회, 쌀밥이 들어간 육회비빔밥이 있다","진한 적색의 육회, 쌀밥이 들어간 육회비빔밥이 보울에 담겨 콩나물국과 있다","보울에 담긴 진한 적색의 육회, 쌀밥이 들어간 육회비빔밥이 콩나물국과 있다"
KF15_012,KF,KF15,012,62,"그릇에 진한 노란색의 멍게, 오이, 당근이 들어간 멍게비빔밥이 있다","무국과 그릇에 멍게, 연한 초록색의 오이, 당근이 들어간 멍게비빔밥이 있다","그릇에 오이, 멍게, 진한 주황색의 당근이 들어간 멍게비빔밥이 무국,무생채,메추리알장조림과 있다"
KF16_001,KF,KF16,001,57,"뚝배기에 순대, 돼지 부속물, 진한 하얀색 육수가 들어간 순대국밥이 있다","순대, 돼지 부속물, 진한 하얀색 육수가 들어간 순대국밥이 뚝배기에 담겨 백미밥과 있다","뚝배기에 순대, 돼지 부속물, 진한 하얀색 육수가 들어간 순대국밥이 백미밥,갓김치,깍두기와 있다"
KF16_002,KF,KF16,002,65,"뚝배기에 돼지고기, 돼지사골, 진한 하얀색의 육수로 만들어진 돼지국밥이 있다","백미밥과 뚝배기에 돼지고기, 돼지사골, 진한 하얀색의 육수로 만들어진 돼지국밥이 있다","갓김치,백미밥,깍두기와 뚝배기에 돼지고기, 돼지사골, 진한 하얀색의 육수로 만들어진 돼지국밥이있다"
KF16_003,KF,KF16,003,30,"뚝배기에 연한 노란색 콩나물이 들어있는 맑은 콩나물국밥이 짙은 빨간 무생채, 짙은 갈색 고기가 있는 메추리알장조림과 놓여있다","노란 콩나물.오징어, 밥이 보울에 들어간 맑은 콩나물국밥이 갈색 메추리알장조림,빨간 무생채와 놓여있다","보울에 콩나물, 오징어, 밥이 들어간 맑은 콩나물 국밥과 메추리알장조림, 무생채가 놓여있다"
KF16_004,KF,KF16,004,74,원형뚝배기에 짙은 갈색고기가 들어간 진한 빨간색 육개장이 담겨있다,원형뚝배기에 진한 갈색고기가 들어간 짙은 빨간색 육개장이 담겨있고 백미밥이 그릇에 담겨있다,"백미밥,깍두기,갓김치가 원형뚝배기에 짙은 갈색고기가 들어간 진한 빨간색 육개장과 함께 있다"
KF16_005,KF,KF16,005,66,"뚝배기에 짙은 백색의 육수, 소머리고기가 들어간 소머리국밥이 담겨 백미밥, 깍두기, 갓김치와 있다","뚝배기에 짙은 백색의 육수, 소머리고기가 들어간 소머리국밥이 담겨 백미밥과 있다","짙은 백색의 육수, 소머리고기가 들어간 소머리국밥이 뚝배기에 담겨 있다"
KF16_006,KF,KF16,006,69,"뚝배기에 담긴 선지, 콩나물, 시래기가 들어간 진한 갈색 육수의 선지국밥이 있다","뚝배기에 담긴 선지, 콩나물, 시래기가 들어간 진한 갈색 육수의의 선지국밥이 백미밥과 있다","뚝배기에 담긴 선지, 콩나물, 시래기가 들어간 진한 갈색 육수의 선지국밥이 백미밥,깍두기,갓김치와 있다"
KF16_007,KF,KF16,007,15,"맑은 하얀색의 국물,무,굴이 들어간 굴국밥이 뚝배기에 담겨 수저세트,백미밥과 있다","맑은 하얀색의 국물,무,굴이 들어간 굴국밥이 뚝배기에 담겨 수저세트와 있다","부추고명,맑은 하얀색의 국물,무,굴이 들어간 굴국밥이 뚝배기에 담겨 수저세트와 있다"
KF16_008,KF,KF16,008,66,"뚝배기에 황태, 무, 연한 노란색 육수가 들어간 황태국밥이 있다","황태, 무, 옅은 노란색 육수가 들어간 황태국밥이 뚝배기에 담겨 백미밥과 있다","뚝배기에 황태, 무, 연한 노란색 육수가 들어간 황태국밥이 백미밥,깍두기,갓김치와 함께 있다"
KF17_001,KF,KF17,001,72,연한 갈색의 전복이 올라간 진한 하얀색의 전복죽이 보울에 담겨있다,수저세트가 있고 연한 갈색의 전복이 올라간 진한 하얀색의 전복죽이 보울에 있다,단무지와 함께 옅은 갈색의 전복이 들어간 진한 하얀색의 전복죽이 보울에 있다
KF17_002,KF,KF17,002,48,"보울에 담긴 호박, 생선, 쌀이 들어간 진한 주황색의 어죽이 깍두기와 있다","호박, 생선, 파 고명, 쌀이 들어간 진한 주황색의 어죽이 보울에 담겨 깍두기와 있다","파 고명, 호박, 생선, 쌀이 들어간 진한 주황색의 어죽이 보울에 담겨 깍두기,고추,양파,쌈장과 있다"
KF17_003,KF,KF17,003,59,"보울에 호박, 새알이 들어간 짙은 노란색의 단호박죽이 담겨 있다","호박, 새알, 대추고명이 들어간 짙은 노란색의 단호박죽이 보울에 담겨 있다","보울에 호박, 새알, 대추고명이 들어간 짙은 노란색의 단호박죽이 담겨 동치미와 있다"
KF17_004,KF,KF17,004,58,"냄비에 짙은 초록색 매생이가 들어간 매생이죽이 동치미, 오징어젓갈, 배추김치, 장조침과 있다",굴이 올라간 진한 녹색의 매생이죽이 냄비에 담겨있고 수저세트와 있다,"냄비에 담긴 진한 초록색 매생이죽은 쌀과 매생이로 만들었고 그 옆에 동치미, 오징어젓갈, 배추김치 그리고 장조림이 있다"
KF17_005,KF,KF17,005,65,"보울에 찹쌀, 팥, 설탕이 들어간 진한 흑색의 동지팥죽이 담겨 있다","찹쌀, 팥, 설탕이 들어간 진한 흑색의 동지팥죽이 보울에 담겨 비트동치미와 있다","보울에 찹쌀, 팥, 설탕, 잣이 들어간 진한 흑색의 동지팥죽이 담겨 비트동치미와 있다"
KF17_006,KF,KF17,006,59,"뚝배기에 담긴 낙지, 쌀밥, 김치가 들어간 옅은 적색의 낙지김치죽이 동치미와 있다","낙지, 쌀밥, 김치가 들어간 옅은 적색의 낙지김치죽이 뚝배기에 담겨 동치미와 있다","낙지, 쌀밥, 김치가 들어간 옅은 적색의 낙지김치죽이 보울에 담겨 동치미와 있다"
KF17_007,KF,KF17,007,51,"보울에 쌀, 야채로 만들어져 김가루 고명이 올라간 짙은 하얀색의 야채죽이 있다","참치, 쌀, 야채로 만들어져 김가루 고명이 올라간 짙은 하얀색의 야채죽이 보울에 담겨 동치미,배추김치,장조림과 있다","동치미와 보울에 참치, 쌀, 야채로 만들어져 김가루 고명이 올라간 짙은 하얀색의 야채죽이 있다"
KF17_008,KF,KF17,008,34,"보울에 담긴 검은깨, 소금, 찹쌀이 들어간 진한 회색의 흑임자죽이 비트동치미와 있다","보울에 담긴 깨, 소금, 잣 고명이 들어간 진한 회색의 흑임자죽이 비트동치미,무생채,꽈리고추장조림과 있다","깨, 소금, 찹쌀이 들어간 진한 회색의 흑임자죽이 보울에 담겨 비트동치미와 있다"
WF01_001,WF,WF01,001,62,"접시에 감자, 계란, 마요네즈가 들어간 연한 노란색의 감자샐러드가 있다","감자, 계란, 마요네즈가 들어간 연한 노란색의 감자샐러드가 접시에 담겨 식빵과 있다","식빵,피클,샐러드와 접시에 감자, 계란, 마요네즈가 들어간 연한 노란색의 감자샐러드가 있다"
WF01_002,WF,WF01,002,21,진한 갈색의 고기가 올라간 짙은 초록색의 스테이크샐러드가 접시에 있다,접시에 진한 갈색의 고기가 올라간 짙은 초록색의 스테이크샐러드가 빵과 함께 있다,"그릇에 진한 갈색의 고기가 올라간 짙은 초록색의 스테이크샐러드가 담겨있고 빵,콘스프가 함께 있다"
WF01_003,WF,WF01,003,53,"접시에 방울토마토, 채소, 짙은 흰색의 모짜렐라치즈가 꼬치에 꽂혀 있다","방울토마토, 채소, 짙은 흰색의 모짜렐라치즈가 꼬치에 꽂혀 접시에 빵과 있다","접시에 방울토마토, 채소, 짙은 흰색의 모짜렐라치즈가 꼬치에 꽂혀 스프, 빵과 있다"
WF01_004,WF,WF01,004,52,"접시에 담긴 연두색 로메인상추, 계란이 들어간 시저샐러드가 수저포크세트와 함께 있다","로메인 상추, 옅은 갈색의 닭가슴살이 들어간 시저샐러드는 접시에 담겨있고 빵, 머쉬룸스프, 수저포크세트와 있다","연두색 로메인 상추, 닭가슴살 등으로 만든 시저샐러드가 접시에 들어있고 수저포크세트, 머쉬룸스프, 빵과 있다"
WF01_005,WF,WF01,005,66,"접시에 담긴 옥수수, 피망, 마요네즈가 들어간 진한 노란색의 콘샐러드가 있다","접시에 담긴 옥수수, 피망, 마요네즈가 들어간 진한 노란색의 콘샐러드가 식빵과 있다","옥수수, 피망, 마요네즈가 들어간 진한 노란색의 콘샐러드가 접시에 담겨 식빵, 샐러드와 있다"
WF01_006,WF,WF01,006,23,"파프리카, 오이, 토마토, 진한 하얀색의 계란, 큐브치즈가 올라간 콥샐러드가  식빵과 있다","파프리카, 오이, 진한 노란색의 파프리카, 계란이들어간 콥샐러드가 접시에 담겨 식빵과 있다","접시에 담긴 오이, 진한 빨간색의 파프리카, 계란이들어간 콥샐러드가 식빵,콘스프와 있다"
WF01_007,WF,WF01,007,48,"접시에 양배추, 당근, 마요네즈가 들어간 진한 하얀색의 코울슬로가 있다","식빵과 접시에 당근, 양배추, 마요네즈가 들어간 진한 하얀색의 코울슬로가 있다","샐러드,식빵과 접시에 양배추, 당근, 마요네즈가 들어간 진한 하얀색의 코울슬로가 있다"
WF01_008,WF,WF01,008,24,"진한 분홍색의 프로슈토, 메론으로 만들어진 프로슈토에멜로네가 나무 접시에 담겨 있다","빵과 나무 접시에 진한 분홍색의 프로슈토, 메론으로 만들어진 프로슈토에멜로네가 있다","양송이스프,빵과 나무 접시에 진한 분홍색의 프로슈토, 메론으로 만들어진 프로슈토에멜로네가 있다"
WF01_009,WF,WF01,009,59,접시에 담긴 진한 노란색의 단호박샐러드가 수저포크세트와 있다,"진한 노란색의 단호박샐러드가 접시에 담겨 수저포크세트, 식빵과 있다","접시에 담긴 진한 노란색의 단호박샐러드가 수저포크세트, 식빵, 샐러드와 있다"
WF01_010,WF,WF01,010,50,"접시에 연한 갈색의 버섯, 치커리, 양배추가 들어간 버섯샐러드가 있다","빵과 접시에 옅은 갈색의 버섯, 치커리, 양배추가 들어간 버섯샐러드가 있다","머쉬룸스프,빵과 접시에 연한 갈색의 버섯, 치커리, 양배추가 들어간 버섯샐러드가 있다"
WF01_011,WF,WF01,011,55,"접시에 담긴 진한 빨간색의 자몽, 양상추, 파인애플, 방울토마토가 들어간 과일샐러드가 있다","진한 빨간색의 자몽, 양상추, 파인애플, 방울토마토가 들어간 과일샐러드가 접시에 담겨 모닝빵과 있다","접시에 담긴 진한 빨간색의 자몽, 양상추, 파인애플, 방울토마토가 들어간 과일샐러드가 모닝빵, 머쉬룸스프와 있다"
WF02_001,WF,WF02,001,57,보울에 옅은 노란색의 버섯이 들어간 머쉬룸스프가 담겨 있다,옅은 노란색의 버섯이 들어간 머쉬룸스프가 보울에 담겨 빵과 있다,"보울에 옅은 노란색의 버섯이 들어간 머쉬룸스프가 담겨 피클, 샐러드, 빵과 있다"
WF02_002,WF,WF02,002,67,"""그릇에 옥수수, 생크림, 버터가 들어간 짙은 노란색의 콘스프가 있다""","""생크림, 옥수수 버터가 들어간 짙은 노란색의 콘스프가 그릇에 담겨 빵과 있다""","""그릇에 옥수수, 생크림, 버터가 들어간 짙은 노란색의 콘스프가 빵,피클,샐러드와 있다"""
WF02_003,WF,WF02,003,53,"보울에 단호박, 우유, 소금, 후추가 들어간 진한 노란색의 단호박스프가 있다","단호박, 우유, 소금, 후추가 들어간 진한 노란색의 단호박스프가 보울에 담겨 빵과 있다","보울에 단호박, 우유, 소금, 후추가 들어간 진한 노란색의 단호박스프가 담겨 빵, 피클, 샐러드와 있다"
WF02_004,WF,WF02,004,20,"파슬리를 노란색의 간 양파 위에 뿌린 연한 갈색의 바게트 빵위에 진한 갈색의 어니언 스프가 피클,샐러드,빵과 그릇에 있다",빵이 접시에 놓여있고 갈색의 바게트 빵 위에 노란색의 간 양파가 올라간 짙은 갈색의 어니언 스프가 그릇에 담겨있다,"피클,샐러드,빵과 함께 그릇에 갈색의 바게트 빵 위에 노란색의 간 양파를 곁들인 짙은 갈색의 어니언 스프가 담겨있다"
WF02_005,WF,WF02,005,64,"""소고기, 토마토, 감자가 들어간 진한 주황색의 스튜가 나무 보울에 담겨 있다""","""나무 보울에 소고기, 토마토, 감자가 들어간 진한 주황색의 스튜가 빵과 있다""","""토마토, 소고기, 감자가 들어간 진한 주황색의 스튜가 나무 보울에 담겨 피클,샐러드,빵과 있다"""
WF02_006,WF,WF02,006,63,"그릇에 담긴 빨간색의 토마토, 가지, 주키니가 들어간 진한 자주색의 라따뚜이가 피클, 샐러드, 빵과 있다","그릇에 담긴 빨간토마토, 가지, 주키니, 치즈가루가 들어간 진한 자주색의 라따뚜이가 빵과 있다","그릇에 담긴 빨간토마토, 가지, 연한 초록색의 주키니가 들어간 진한 자주색의 라따뚜이가 있다"
WF03_001,WF,WF03,001,57,"그릇에 크림소스, 버섯, 스파게티면으로 만든 짙은 흰색의 버섯크림스파게티가 담겨 피클, 할라피뇨, 빵과 있다","크림소스, 버섯, 스파게티면으로 만든 짙은 흰색의 버섯크림스파게티가 그릇에 담겨 할라피뇨, 피클, 빵과 있다","그릇에 크림소스, 버섯, 스파게티면으로 만든 짙은 흰색의 버섯크림스파게티가 담겨 피클과 있다"
WF03_002,WF,WF03,002,67,"""베이컨, 토마토소스, 파스타면이 들어간 짙은 빨간색의 베이컨토마토스파게티가 그릇에 담겨 있다""","""그릇에 베이컨, 토마토소스, 파스타면이 들어간 짙은 빨간색의 베이컨토마토스파게티가 피클과 있다""","""피클,할라피뇨,빵과 그릇에 토마토소스, 베이컨, 파스타면이 들어간 짙은 빨간색의 베이컨토마토스파게티가 있다"""
WF03_003,WF,WF03,003,30,"그릇에 담긴 파스타면, 조개, 오일, 마늘이 들어간 연한 노란색의 봉골레알리오올리오가 있다","파스타면, 조개, 오일, 마늘이 들어간 연한 노란색의 봉골레알리오올리오가 그릇에 담겨 피클과 있다","그릇에 파스타면, 조개, 오일, 마늘이 들어간 연한 노란색의 봉골레알리오올리오가 담겨 피클, 할라피뇨, 빵과 있다"
WF03_004,WF,WF03,004,60,그릇에 연한 노란색 면이 빨간색 태국고추와 섞인 진한노란색의 스파게티 알리오올리오가 담겨있다,피클이 있고 그릇에 노란색 면과 빨간색 태국고추가 섞인 진한노란색의 스파게티 알리오올리오가 담겨있다,고수가 고명으로 올려진 진한노란색의 스파게티 알리오올리오가 그릇에 담겨있고 피클이 있다
WF03_005,WF,WF03,005,26,"짙은 하얀색의 파스타, 토마토소스, 생크림이 들어간 로제스파게티가 접시에 담겨 있다","접시에 토마토소스, 진한 하얀색의 파스타, 생크림이 들어간 로제스파게티가 피클과 함께 있다","접시에 진한 하얀색의 파스타, 토마토소스, 생크림이 들어간 로제스파게티가 할라피뇨,피클,바게트와 있다"
WF03_006,WF,WF03,006,12,"보울에 바질, 크림소스, 빵이 들어간 진한 녹색의 바질크림소스빠네가 있다","바질, 크림소스, 빵이 들어간 진한 녹색의 바질크림소스빠네가 보울에 담겨 피클,할라피뇨와 있다","피클,할라피뇨와 그릇에 바질, 크림소스, 빵이 들어간 진한 녹색의 바질크림소스빠네가 있다"
WF03_007,WF,WF03,007,14,"그릇에 빵, 토마토소스, 파스타면으로 만들어진 짙은 빨간색의 해산물토마토소스빠네가 담겨 있다","빵, 토마토소스, 파스타면으로 만들어진 짙은 빨간색의 해산물토마토소스빠네가 그릇에 담겨 피클, 할라피뇨와 있다","그릇에 빵, 토마토소스, 파스타면으로 만들어진 짙은 빨간색의 해산물토마토소스빠네가 담겨 피클, 할라피뇨와 있다"
WF03_008,WF,WF03,008,11,"""접시에 치즈, 소고기, 토마토소스가 들어간 진한 하얀색의 라자냐가 있다""","""피클,할라피뇨 접시에 소고기, 치즈, 토마토소스가 들어간 진한 하얀색의 라자냐가 있다""","""치즈, 소고기, 토마토소스로 만들어져 파슬리 고명이 올라간 진한 하얀색의 라자냐가 접시에 담겨 피클,할라피뇨 있다"""
WF03_009,WF,WF03,009,69,"그릇에 담긴 연한 노란색의 펜네파스타, 로제소스가 들어간 로제파스타가 있다","피클과 그릇에 담긴 연한 노란색의 펜네파스타, 로제소스가 들어간 로제파스타가 있다","그릇에 담긴 연한 노란색의 펜네파스타, 로제소스가 들어간 로제파스타가 피클, 할라피뇨, 바게트와 있다"
WF04_001,WF,WF04,001,72,"그릇에 크림소스, 버섯, 밥이 들어간 옅은 노란색의 버섯크림리조또가 담겨 있다","크림소스, 버섯, 밥이 들어간 옅은 노란색의 버섯크림리조또가 그릇에 담겨 피클과 있다","그릇에 크림소스, 버섯, 밥이 들어간 옅은 노란색의 버섯크림리조또가 담겨 피클, 샐러드, 바게트빵과 있다"
WF04_002,WF,WF04,002,52,"그릇에 밥, 양파, 토마토소스가 들어간 짙은 빨간색의 토마토리조또가 있다","양파, 밥, 토마토소스가 들어간 짙은 빨간색의 토마토리조또가 그릇에 담겨 피클과 있다","그릇에 밥, 양파, 토마토소스가 들어간 짙은 빨간색의 토마토리조또가 피클,코울슬로,바게트와 있다"
WF04_003,WF,WF04,003,49,"그릇에 담긴 쌀, 오징어먹물소스가 들어간 진한 검정색의 오징어먹물리조또가 있다","쌀, 오징어먹물소스가 들어간 진한 검정색의 오징어먹물리조또가 그릇에 담겨 피클과 있다","피클, 샐러드, 빵과 그릇에 담긴 쌀, 오징어먹물소스가 들어간 진한 검정색의 오징어먹물리조또가 있다"
WF04_004,WF,WF04,004,66,"오븐그릇에 로제소스, 굴, 밥으로 만든 옅은 주황색의 오이스터로제크림리조또가 담겨 있다","로제소스, 굴, 밥으로 만든 옅은 주황색의 오이스터로제크림리조또가 오븐그릇에 담겨 피클과 있다","오븐그릇에 로제소스, 굴, 밥으로 만든 옅은 주황색의 오이스터로제크림리조또가 담겨 피클, 샐러드, 빵과 있다"
WF04_005,WF,WF04,005,45,"접시에 조개, 오징어, 밥이 들어간 짙은 빨간색의 시푸드필라프가 담겨 있다","조개, 오징어, 밥이 들어간 짙은 빨간색의 시푸드필라프가 접시에 담겨 피클과 있다","접시에 조개, 오징어, 밥이 들어간 짙은 빨간색의 시푸드필라프가 담겨 피클, 샐러드, 빵과 있다"
WF04_006,WF,WF04,006,52,"보울에 밥, 당근, 고기가 들어간 옅은 백색의 필라프가 담겨 샐러드, 피클, 바게트빵과 함께 있다","밥, 당근, 고기가 들어간 옅은 백색의 필라프가 보울에 담겨 피클과 있다","보울에 밥, 당근, 고기가 들어간 옅은 백색의 필라프가 담겨 있다"
WF04_007,WF,WF04,007,48,밥과 새우 초록색 브로콜리가 볶아진 진한 노란색의 해산물 빠에야가 그릇에 담겨있다,피클이 놓여있고 밥과 새우가 볶아진 짙은 노란색의 해산물 빠에야가 그릇에 담겨있다,"진한 노란색의 밥이 볶아진 해산물빠에야가 그릇에 피클,샐러드,빵과 함께 놓여있다"
WF05_001,WF,WF05,001,72,"그릇에 떡, 치즈, 고추가루가 들어간 연한 빨간색의 떡볶이치즈그라탕이 담겨 있다","떡, 치즈, 고추가루가 들어간 연한 빨간색의 떡볶이치즈그라탕이 그릇에 담겨 피클과 있다","그릇에 떡, 치즈, 고추가루가 들어간 연한 빨간색의 떡볶이치즈그라탕이 담겨 피클, 코울슬로와 있다"
WF05_002,WF,WF05,002,80,"접시에 조개, 오징어, 밥이 들어간 짙은 빨간색의 시푸드필라프가 담겨 있다","만두, 치즈, 짙은 빨간색의 토마토소스가 들어간 만두미트소스그라탕이 오븐그릇에 담겨 피클과 있다","오븐그릇에 만두, 치즈, 짙은 빨간색의 토마토소스가 들어간 만두미트소스그라탕이 담겨 피클, 코울슬로와 있다"
WF05_003,WF,WF05,003,74,"가지, 치즈로 만든 연한 빨간색의 가지그라탕이 그라탕접시에 담겨 수저포크세트와 있다","그라탕접시에 담긴 가지, 옅은 붉은색의 토마토소스로 만든 가지그라탕이 수저포크세트, 피클과 있다","그라탕접시에 담긴 연한 노란색 치즈, 토마토소스로 만든 가지그라탕이 수저포크세트, 피클, 코울슬로와 있다"
WF05_004,WF,WF05,004,82,"보울에 미트볼, 치즈, 로제소스가 들어간 짙은 주황색의 미트볼로제그라탕이 담겨 있다","보울에 미트볼, 치즈, 로제소스가 들어간 짙은 주황색의 미트볼로제그라탕이 담겨 피클과 있다","미트볼, 치즈, 로제소스가 들어간 짙은 주황색의 미트볼로제그라탕이 보울에 담겨 피클, 코울슬로와 있다"
WF06_001,WF,WF06,001,49,"타원형 그릇에 크림소스, 감자, 계란으로 만들어진 진한 노란색의 크림뇨끼가 있다","피클과 타원형 그릇에 크림소스, 감자, 계란으로 만들어진 진한 노란색의 크림뇨끼가 있다","단호박샐러드,피클,바게트와 타원형 그릇에 크림소스, 감자, 계란으로 만들어진 진한 노란색의 크림뇨끼가 있다"
WF06_002,WF,WF06,002,67,"접시에 뇨끼, 토마토소스가 들어간 짙은 적색의 토마토소스뇨끼가 담겨 있다","뇨끼, 토마토소스가 들어간 짙은 적색의 토마토소스뇨끼가 접시에 담겨 피클과 있다","토마토소스, 뇨끼가 들어간 짙은 적색의 토마토소스뇨끼가 접시에 담겨 피클, 샐러드, 바게트빵과 있다"
WF06_003,WF,WF06,003,67,"접시위에 초록색의 바질페스토노끼가 담겨있고 피클, 샐러드, 바게트가 있다",접시안에 푸른색 바질페스토가 들어간 바질페스토뇨끼가 담겨있고 피클이 있다,뇨끼와 바질페스토가 들어간 짙은 녹색의 바질페스토뇨끼가 접시에 놓여져있다
WF06_004,WF,WF06,004,48,"접시에 단호박, 뇨끼가 들어간 짙은 노란색의 단호박뇨끼가 담겨 피클, 코울슬로, 바게트와 있다","단호박, 뇨끼로 만든 짙은 노란색의 단호박뇨끼가 접시에 담겨 피클과 있다","접시에 단호박, 뇨끼가 들어간 짙은 노란색의 단호박뇨끼가 담겨 있다"
WF07_001,WF,WF07,001,76,"접시에 햄버거빵, 고기패티, 양상추로 만들어진 짙은 갈색의 햄버거가 있다","햄버거빵, 고기패티, 양상추로 만들어진 짙은 갈색의 햄버거가 접시에 담겨 감자튀김, 케찹과 있다","접시에 담긴 햄버거빵, 고기패티, 양상추로 만들어진 짙은 갈색의 햄버거가 케찹, 너겟, 감자튀김과 같이 있다"
WF07_002,WF,WF07,002,57,"쟁반에 햄버거빵, 깨, 닭고기가 들어간 짙은 갈색의 치킨버거가 담겨 감자튀김, 케찹, 치킨너겟과 있다","쟁반에 햄버거빵, 깨, 닭고기가 들어간 짙은 갈색의 치킨버거가 담겨 감자튀김, 케찹과 있다","햄버거빵, 깨, 닭고기가 들어간 짙은 갈색의 치킨버거가 쟁반에 담겨 있다"
WF07_003,WF,WF07,003,68,"접시에 담긴 핫도그빵, 닭갈비, 파슬리가 들어간 진한 갈색의 닭갈비핫도그가 있다","접시에 담긴 핫도그빵, 닭갈비, 파슬리가 들어간 진한 갈색의 닭갈비핫도그 두조각이 피클, 나초, 치즈소스와 있다","핫도그빵, 닭갈비, 파슬리가 들어간 진한 갈색의 닭갈비핫도그 두조각이 접시에 담겨 피클, 나초, 치즈소스와 있다"
WF08_001,WF,WF08,001,25,"접시에 짙은 갈색의 잘린 안심스테이크, 방울토마토, 아스파라거스가 담겨 샐러드, 할라피뇨, 빵과 있다","접시에 허브가 올라간 짙은 갈색의 잘린 안심스테이크, 방울토마토, 아스파라거스가 담겨 샐러드, 할라피뇨, 빵과 있다","접시에 구운마늘이 올라간 짙은 갈색의 잘린 안심스테이크, 방울토마토, 아스파라거스가 담겨 샐러드, 할라피뇨, 빵과 있다"
WF08_002,WF,WF08,002,33,"오븐그릇에 짙은 갈색의 스테이크, 방울토마토, 버섯, 애호박, 피망이 들어간 찹스테이크가 담겨 있다","짙은 갈색의 스테이크, 방울토마토, 버섯, 애호박, 피망이 들어간 찹스테이크가 오븐그릇에 담겨 그린샐러드와 있다","오븐그릇에 짙은 갈색의 스테이크, 방울토마토, 버섯, 애호박, 피망이 들어간 찹스테이크가 담겨 그린샐러드, 할라피뇨, 빵과 있다"
WF08_003,WF,WF08,003,64,"그릇 위에 브로콜리, 양송이 버섯과 함께 진한 갈색의 함박스테이크가 놓여있다","진한 갈색의 함박스테이크가 브로콜리, 양송이 버섯이 곁들여져 그릇 위에 그린샐러드와 함께 놓여있다","그릇 위에 브로콜리, 양송이 버섯이 곁들여 있는 진한 갈색의 함박스테이크가 그린샐러드,할라피뇨,빵과 함께 놓여있다"
WF08_004,WF,WF08,004,81,오븐그릇에 고기와 빵가루를 기름에 튀긴 짙은 갈색의 커틀릿이 담겨 있다,고기와 빵가루를 기름에 튀긴 짙은 갈색의 커틀릿이 오븐그릇에 담겨 샐러드와 있다,"오븐그릇에 고기와 빵가루를 기름에 튀긴 짙은 갈색의 커틀릿이 담겨 샐러드, 피클, 빵과 있다"
WF08_005,WF,WF08,005,49,"""양파, 아스파라거스, 토마토, 허브 고명이 올라간 진한 갈색의 등심스테이크가 접시에 담겨 코울슬로와 있다""","""할라피뇨,코울슬로,빵과 접시에 토마토, 양파, 아스파라거스, 허브 고명이 올라간 진한 갈색의 등심스테이크가 있다""","""아스파라거스, 양파, 토마토가 올라간 진한 갈색의 등심스테이크가 접시에 담겨 있다"""
WF08_006,WF,WF08,006,46,구이용판에 짙은 갈색의 티본스테이크가 담겨 있다,무쇠판에 짙은 갈색의 티본스테이크가 담겨 있다,"무쇠판에 방울토마토, 미니양배추, 짙은 갈색의 티본스테이크가 담겨 있다"
WF08_007,WF,WF08,007,46,접시에 짙은 주황색의 생선스테이크가 담겨 있다,짙은 주황색의 생선스테이크가 접시에 담겨 있다,"접시에 짙은 주황색의 생선스테이크, 방울토마토, 미니양배추가 담겨 있다"
WF08_008,WF,WF08,008,63,오븐그릇에 허브가 올라간 짙은 갈색의 양갈비스테이크가 담겨 있다,그릇에 허브가 올라간 짙은 갈색의 양갈비스테이크가 담겨 있다,"그릇에 아스파라거스가 올라간 짙은 갈색의 양갈비스테이크, 방울토마토, 미니양배추가 담겨 있다"
WF09_001,WF,WF09,001,27,"피자 판에 고구마, 밀가루, 햄으로 만들어져 아몬드 고명이 올라간 연한 노란색의 고구마시카고피자가 있다","고구마, 밀가루, 햄으로 만들어져 아몬드 고명이 올라간 연한 노란색의 고구마시카고피자가 프라이팬에 담겨 있다","프라이팬에 밀가루, 고구마, 햄으로 만들어져 아몬드 고명이 올라간 진한 노란색의 고구마시카고피자가 있다"
WF09_002,WF,WF09,002,50,"피자 판에 치즈, 밀가루가 들어가 만들어진 연한 노란색의 멜팅치즈피자가 있다","접시에 치즈, 밀가루가 들어가 만들어진 연한 노란색의 멜팅치즈피자가 있다","치즈, 밀가루가 들어가 만들어진 연한 노란색의 멜팅치즈피자가 접시에 담겨 있다"
WF09_003,WF,WF09,003,56,"피자 받침대에 도우, 불고기, 치즈가 들어간 연한 갈색의 불고기피자가 있다","접시에 담긴 도우, 불고기, 치즈가 들어간 연한 갈색의 불고기피자가 있다","접시에 도우, 불고기, 치즈가 들어간 연한 갈색의 불고기피자가 있다"
WF09_004,WF,WF09,004,66,"피자받침대에 짙은 주황색의 페퍼로니, 치즈, 토마토소스가 들어간 페퍼로니피자가 담겨 있다","접시에 짙은 주황색의 페퍼로니, 치즈, 토마토소스가 들어간 페퍼로니피자가 담겨 있다","짙은 주황색의 페퍼로니, 치즈, 토마토소스가 들어간 페퍼로니피자가 접시에 담겨 있다"
WF09_005,WF,WF09,005,65,"피자그릇에 도우, 감자, 치즈가 들어간 옅은 노란색의 포테이토딥디쉬피자가 담겨 있다","접시에 도우, 감자, 치즈가 들어간 옅은 노란색의 포테이토딥디쉬피자가 담겨 있다","도우, 감자, 치즈가 들어간 짙은 갈색의 포테이토딥디쉬피자가 접시에 담겨 있다"
WF09_006,WF,WF09,006,52,"피자받침대에 모짜렐라치즈, 마늘, 꿀이 들어간 옅은 노란색의 고르곤졸라피자가 담겨 있다","접시에 모짜렐라치즈, 마늘, 꿀이 들어간 옅은 노란색의 고르곤졸라피자가 담겨 있다","피자받침대에 모짜렐라치즈, 마늘, 꿀이 들어간 옅은 갈색의 고르곤졸라피자가 담겨 있다"
WF09_007,WF,WF09,007,36,초록색 루꼴라와 빨간색 토마토가 올라간 옅은 갈색의 루꼴라 또띠아피자가 원형나무접시위에 놓여있다,원형석판 위에 초록색 루꼴라와 빨간색 토마토가 올라간 옅은 갈색의 루꼴라 또띠아피자가 놓여있다,연한 노란색의 또띠아위에 초록색 루꼴라와 빨간색 토마토가 올라간 옅은 갈색의 루꼴라 또띠아피자가 원형석판 위에 놓여있다
WF09_008,WF,WF09,008,64,"피자받침대에 또띠아, 파인애플, 햄, 토마토소스가 올라간 짙은 노란색의 하와이안또띠아피자가 담겨 있다","접시에 또띠아, 파인애플, 햄, 토마토소스가 올라간 짙은 노란색의 하와이안또띠아피자가 담겨 있다","파인애플, 또띠아, 햄, 토마토소스가 올라간 짙은 노란색의 하와이안또띠아피자가 접시에 담겨 있다"
WF09_009,WF,WF09,009,54,"피자 받침대에 담긴 토마토소스, 밀가루, 치즈가 들어간 연한 빨간색의 마르게리따가 있다","접시에 담긴 토마토소스, 밀가루, 치즈가 들어간 연한 빨간색의 마르게리따가 있다","토마토소스, 밀가루, 치즈가 들어간 연한 빨간색의 마르게리따가 피자 받침대에 있다"
