food_code,caption_count,candidate_1,candidate_1_count,candidate_1_score,candidate_2,candidate_2_count,candidate_2_score,candidate_3,candidate_3_count,candidate_3_score,candidate_4,candidate_5,sample_caption
BK01_001,59,클럽샌드위치,24,80.14,참깨,54,72.31,견과류,36,48.2,믹스,클럽,"접시에 담긴 참깨가 뿌려진 치즈, 고기로 만들어진 옅은 갈색의 더블 치즈 스테이크 클럽 두조각이 있다"
BK01_002,71,blt,71,91.0,만든,55,70.49,스위트콘,47,60.24,새우튀김,식빵,"접시에 담긴 카츠, 양상추, 빵으로 만든 연한 노란색의 매콤치폴레카츠 blt가 있다"
BK01_003,72,샌드위치,72,236.0,샐러드,36,118.0,햄치즈,72,92.0,연한,치즈,"접시에 담긴 햄, 치즈, 샐러드, 계란이 들어간 연한 갈색의 그릴드 불고기 햄치즈 샌드위치가 있다"
BK01_004,59,샐러드,42,140.24,에그샌드,46,61.59,연한,44,58.92,계란,에그샌드위치,"접시에 담긴 계란, 샐러드, 치즈가 들어간 연한 노란색의 더블치즈 에그샌드가 있다"
BK01_005,87,베이글샌드위치,87,281.0,베이글,87,107.0,치즈,87,107.0,담겨,견과류믹스,"접시에 베이글, 베이컨, 치즈가 들어간 진한 갈색의 베이컨 베이글샌드위치가 담겨 있다"
BK01_006,60,에그베네딕트,60,80.0,양상추,51,68.0,방울토마토,40,53.33,치즈,쪽파,"접시에 담긴 진한 갈색의 블랙소이소스,계란,양상추가 들어간 블랙소이소스 에그베네딕트가 있다"
BK01_007,79,만든,79,99.0,양상추,75,93.99,크로와상샌드위치,26,84.58,크로와상,샌드위치,"접시에 담긴 진한 보라색의 블루베리,양상추,빵으로 만든 블루베리 크로와상 샌드위치가 있다"
BK01_008,90,샌드위치,90,290.0,샐러드,72,232.0,치아바타,90,110.0,견과류믹스,밀가루,"접시에 담긴 빵, 베이컨, 샐러드가 들어간 옅은 갈색의 치아바타 베이컨 샌드위치가 견과류믹스, 체리와 있다"
BK01_009,60,식빵,60,200.0,단호박샐러드,40,133.33,크로크무슈,60,80.0,치즈,연한,"초록색 파슬리, 베이컨, 치즈, 식빵이 들어간 연한 노란색의 허니오트 베이컨 크로크무슈가 접시에 담겨 있다"
BK01_010,60,샌드위치,36,120.0,밀가루,60,80.0,소금,52,69.33,단호박샐러드,파프리카,"접시에 담긴 연한 분홍색의 베이컨, 밀가루, 소금이 들어간 롱베이컨 파니니가 있다"
BK02_001,97,베이글,87,104.94,플래인,87,104.94,견과류믹스,62,74.78,뿌린,파슬리,"접시에 밀가루, 초콜릿이 들어간 짙은 갈색의 딥초콜릿 플래인베이글이 담겨 있다"
BK02_002,85,설탕,35,113.24,블루베리베이글,85,105.0,블루베리,83,102.53,밀가루,견과류믹스,"빵, 블루베리, 소스가 들어간 짙은 갈색의 더블 딥 인 블루베리베이글이 접시에 있다"
BK02_003,77,베이글,77,97.0,앙버터,77,97.0,버터,77,97.0,담겨,견과류믹스,"접시에 담긴 딸기잼, 버터, 팥이 들어간 연한 갈색의 딸기잼 앙버터 베이글이 있다"
BK02_004,80,크림치즈,80,100.0,밀가루,75,93.75,소금,75,93.75,크림치즈베이글,연한,"접시에 크림치즈, 무화과, 베이글이 들어간 연한 갈색의 무화과 크림치즈베이글이 있다"
BK03_001,68,크림,50,64.71,도넛,50,64.71,스위트콘,46,59.53,뿌린,글레이즈,"접시에 담긴 깨를 뿌린 진한 하얀색의 크림,도넛으로 만든 사워크림 그레이즈도넛이 있다"
BK03_002,67,꽈배기도넛,67,87.0,밀가루,67,87.0,연한,50,64.93,만들어,견과류믹스,접시 위에 밀가루로 만들어 녹차분말을 바른 연한 노란색의 녹차 꽈배기도넛이 있다
BK03_003,60,소시지도넛,60,80.0,소시지,60,80.0,빵가루,60,80.0,담겨,단호박샐러드,"접시에 계란후라이가 올라가고 빵가루, 소시지, 아몬드가 들어간 가니쉬아몬드 소시지도넛이 담겨 있다"
BK03_004,60,밀가루,60,80.0,만든,59,78.67,도넛,59,78.67,방울토마토,찹쌀도넛,그릇에 담긴 갈색의 땅콩버터 찹쌀도넛 세개가 밀가루로 만들어 땅콩버터가 올려져 있다
BK03_005,32,단호박샐러드,20,72.5,깨찰도넛,32,52.0,일반,32,52.0,손반죽,뿌린,짙은 갈색 다크현미 일반 깨찰도넛이 접시에 담겨 있다
BK03_006,72,밀가루,72,92.0,두조각,72,92.0,츄러스,72,92.0,만든,스위트콘,접시에 밀가루로 만든 말차 츄러스 두조각에 말차분말을 발라 담겨 있다
BK03_007,56,단호박샐러드,38,127.57,생도넛,56,76.0,담겨,21,28.5,그린올리브,방울토마토,접시에 담긴 진한 분홍색의 딸기잼이 올라간 딸기잼 생도넛이 있다
BK03_008,89,도넛,89,109.0,견과류,56,68.58,믹스,56,68.58,카카오,뿌려진,접시에 담긴 진한 갈색의 카카오 하니딥 도넛이 있다
BK04_001,72,식빵,72,236.0,스위트콘,44,56.22,밀가루,43,54.94,다섯장,만들어진,접시에 밀가루으로 만들어진 갈색의 셰브런 패스츄리 식빵이 있다
BK04_002,96,밤식빵,91,291.96,식빵,52,166.83,단호박샐러드,32,102.67,만든,그린올리브,접시에 식빵으로 만든 연한 갈색의 말차 밤식빵이 있다
BK04_003,57,초코식빵,57,191.0,식빵,42,140.74,방울토마토,35,47.28,초코,콩나물,접시에는 갈릭 후레이크가 뿌려진  검은색 갈릭 후레이크 초코식빵이 있다
BK04_004,87,치아바타,87,107.0,견과류믹스,58,71.33,밀가루,51,62.72,담겨,올리브,"접시에 담긴 아몬드가 들어간 진한 하얀색의 아몬드 치아바타가 견과류믹스, 체리와 있다"
BK04_005,89,일반,89,109.0,깜빠뉴,85,104.1,견과류믹스,60,73.48,밀가루,만든,연한 노란색의 말차 일반 깜빠뉴는 접시에 담겨있고 밀가루로 만들었다
BK04_006,60,옥수수식빵,24,80.0,찰보리식빵,24,80.0,단호박샐러드,20,66.67,밀가루,연한,"접시에 밀가루, 옥수수로 만들어진 연한 노란색의 옥수수식빵 두조각이 있다"
BK04_007,62,먹물치즈식빵,62,206.0,콘샐러드,39,129.58,먹물,62,82.0,치즈,말차파우더,"접시에 담긴 깨, 땅콩버터, 먹물, 치즈가 들어간 진한 검정색의 땅콩버터 먹물치즈식빵이 있다"
BK04_008,60,라우겐,60,80.0,밀가루,59,78.67,담겨,59,78.67,소다,같이,"접시에 소다, 밀가루, 치즈가 들어간 짙은 갈색의 그릴드치즈 라우겐이 담겨 잘려 있다"
BK04_009,60,브리오슈,59,78.67,콘샐러드,20,66.67,건파파야,40,53.33,옆에,깨가,접시에는 옅은 노란색의 말차 브리오슈가 놓여져 있다
BK04_010,60,크림,60,80.0,소프트롤,57,76.0,방울토마토,40,53.33,옆에,새싹,연한 노란색의 말차가루가 뿌려진 크림이 들어간 말차 소프트롤이 접시에 담겨져 있다
BK05_001,73,크루와상,73,93.0,만든,71,90.45,견과류믹스,44,56.05,체리,하얀,"접시에 갈색 크루와상, 갈색 땅콩버터로 만든 진한 갈색의 땅콩버터 크루와상이 있다"
BK05_002,60,밀가루,60,80.0,건파파야,40,53.33,퍼프페이스트리,36,48.0,만들어진,연한,접시에 밀가루로 만들어 말차가루를 뿌린 연한 갈색의 말차파우더 퍼프페이스트리가 있다
BK05_003,50,빨미까레,50,70.0,밀가루,50,70.0,만든,38,53.2,연한,방울토마토,접시에 담긴 밀가루로 만든 빨미까레에 말차가루를 묻힌 연한 초록색의 말차 빨미까레가 있다
BK05_004,44,밀가루,44,64.0,뺑오쇼콜라,43,62.55,만들어,30,43.64,바른,스위트콘,접시에 담긴 밀가루로 만들어 초코를 바른 짙은 갈색의 다크 뺑오쇼콜라가 있다
BK05_005,60,까눌레,60,80.0,콘샐러드,16,53.33,일반,30,40.0,견과류믹스,담겨,접시에 담긴 옅은 녹색의 말차 까눌레가 놓여있다.
BK05_006,22,마들렌,22,42.0,견과류,17,32.45,견과류믹스,13,24.82,담겨,해바라기씨,"접시에 담긴 견과류, 파슬리가 들어간 진한 갈색의 마들렌이 있다"
BK05_007,72,휘낭시에,72,92.0,견과류믹스,43,54.94,밀가루,36,46.0,뿌려진,옥수수콘,밀가루로 만든 짙은 갈색의 소금초코 휘낭시에가 접시에 있다
BK05_008,42,타르트,42,62.0,아이스크림,16,55.62,연한,37,54.62,견과류믹스,생크림,"아이스크림, 블루베리가 올라간 연한 갈색의 블루베리 타르트가 접시에 있다"
BK05_009,88,와플,88,108.0,담겨,86,105.55,뿌려지고,59,72.41,견과류믹스,블랙올리브,접시에 딸기쨈이 들어간 짙은 갈색의 딸기잼 와플이 담겨 있다
BK06_001,60,마늘바게트,60,80.0,밀가루,60,80.0,만든,60,80.0,담겨,마늘,"접시에 갈릭후레이크가 올라가고 마늘, 밀가루로 만든 짙은 갈색의 갈릭후레이크 마늘바게트가 담겨 있다"
BK06_002,62,밀가루,62,82.0,만든,62,82.0,담겨,62,82.0,올라가고,조각치즈,"접시에 갈릭후레이크가 올라가고 치즈, 밀가루로 만든 짙은 갈색의 갈릭후레이크 치즈바게트가 담겨 있다"
BK06_003,61,올리브,61,81.0,치즈,61,81.0,담겨,61,81.0,올리브치즈바게트,올라가고,접시에 올리브와 치즈가 올라가고 밀가루로 만든 짙은 갈색의 올리브 더블치즈바게트가 담겨 있다
BK06_004,60,호밀바게트,60,80.0,밀가루,60,80.0,호밀,60,80.0,조각치즈,만들어져,"접시에 밀가루, 호밀, 스코치드가 들어간 진한 갈색의 스코치드 호밀바게트가 있다"
BK06_005,72,명란바게트,72,92.0,단호박샐러드,24,78.67,스위트콘,48,61.33,바게트,방울토마토,접시에 담긴 연한 노란색의 치즈가 올라간 옅은 갈색의 로스트치즈 명란바게트가 있다
BK07_001,60,당근케이크,55,183.33,견과류,28,37.33,믹스,26,34.67,위에,새싹,접시에 담긴 하얀색과 갈색 조합의 갈릭후레이크 당근케이크가 있다.
BK07_002,72,단호박샐러드,48,157.33,콘샐러드,24,78.67,치즈케익,54,69.0,치즈,생크림,"접시에 담긴 카라멜 소스, 생크림,치즈가 들어간 옅은 노란색의 리얼 카라멜 치즈케익이 있다"
BK07_003,68,티라미수,67,86.71,콘샐러드,24,79.06,밀가루,55,71.18,생크림,단호박샐러드,"사각접시에 옅은 갈색의 땅콩버터,생크림,밀가루가 들어간 땅콩버터 티라미수가 있다"
BK07_004,40,케이크,29,101.5,생크림,40,60.0,설탕,11,38.5,밀가루,딸기케이크,"사각접시에 밀가루,짙은 빨간색의 딸기,생크림이 들어간 딸기케이크가 있다"
BK07_005,60,크림케이크,60,200.0,밀가루,60,80.0,한조각,48,64.0,크림,만들어,접시에 밀가루로 만들어 크림을 바르고 말차가루를 뿌린 흰색의 말차 크림케이크 한조각이 있다
BK07_006,60,밀가루,60,80.0,계란,60,80.0,우유,60,80.0,만들어져,카스텔라,"접시에 담겨진 밀가루, 우유, 계란이 연한 노란색의 말차 카스텔라가 있다"
BK07_007,72,생크림,72,92.0,롤이,72,92.0,견과류믹스,48,61.33,담겨,그린올리브,"접시에 담긴 생크림, 녹차가 들어간 진한 초록색 녹차일반 롤이 있다"
BK07_008,60,초코케이크,60,200.0,단호박샐러드,40,133.33,밀가루,60,80.0,우유,초코,"접시에 담긴 밀가루, 초코, 우유가 들어간 진한 갈색의 레드벨벳 초코케이크가 있다"
BK07_009,60,고구마케이크,56,186.67,단호박샐러드,40,133.33,고구마,60,80.0,생크림,무순고명,"하얀색의 접시에 진한 주황색의 당근,생크림,고구마가 들어간 당근 고구마케이크가 있다"
BK07_010,59,파운드케이크,58,193.66,밀가루,59,79.0,견과류믹스,39,52.22,초콜릿,파슬리,"하얀색의 접시에 말차가루,짙은 갈색의 초콜릿,밀가루가 들어간 다크말차 파운드케이크가 있다"
BK07_011,60,설탕,60,200.0,밀가루,60,80.0,몽블랑,60,80.0,버터,만들어져,"접시에 담긴 버터, 밀가루, 설탕으로 만들어져 말차가루가 뿌려진 진한 갈색의 말차파우더 몽블랑이 있다"
BK08_001,23,피자빵,23,89.0,밀가루,23,43.0,치즈,23,43.0,담겨,갈릭후레이크,"접시에 갈릭후레이크가 뿌려지고 밀가루, 토마토소스, 치즈로 만든 진한 노란색의 갈릭후레이크 피자빵이 담겨 있다"
BK08_002,60,팥빵,60,200.0,밀가루,60,80.0,담겨,60,80.0,방울토마토,팥이,"접시에 밀가루, 건포도, 팥이 들어간 진한 갈색의 밤콘 팥빵이 담겨 있다"
BK08_003,60,단호박샐러드,39,130.0,밤만쥬,59,78.67,밀가루,48,64.0,밤이,사각접시,"사각접시에 밀가루, 짙은 빨간색의 딸기잼,밤이 들어간 딸기쨈 밤만쥬가 있다"
BK08_004,60,마늘빵,60,200.0,놓여있다,47,62.67,건파파야,41,54.67,연한,위에,연한 갈색의 마늘빵에 짙은 검정색 블루베리잼이 발라진 블루베리잼 마늘빵이 접시 위에 놓여있다
BK08_005,60,설탕,60,200.0,밀가루,60,80.0,소보루,60,80.0,연한,달걀,"접시에 담긴 달걀, 버터, 설탕, 밀가루로 만들어져 말차가루가 뿌려진 연한 갈색의 말차 소보루가 있다"
BK08_006,13,맘모스빵,13,59.0,녹차미숫가루,8,20.31,파프리카,8,20.31,위에,새싹,접시 위에 노란색 녹차미숫가루 맘모스빵이 있다
BK08_007,51,고구마샐러드,19,64.45,설탕,17,57.67,스위트콘,34,47.33,담겨,말차머핀,접시에 담긴 말차가 들어간 옅은 연두색의 말차머핀이 있다
CF01_001,60,짬뽕,47,156.67,밀가루,60,80.0,담겨,40,53.33,양파,만들어진,"보울에 밀가루, 돼지고기, 빨간색의 육수로 만들어진 고기짬뽕이 있다"
CF01_002,54,짜장면,54,182.0,새순,40,54.81,단무지,39,53.44,양파,짜장소스,"보울에 담긴 고추가루, 새순이 들어간 짙은 갈색의 사천 짜장면이 있다"
CF01_003,58,쟁반짜장,58,78.0,짜장,58,78.0,양파,50,67.24,만들어진,만들어져,"접시에 짜장, 팽이버섯, 두반장으로 만들어진 진한 갈색의 두반장 팽이버섯 쟁반짜장이 있다"
CF01_004,60,볶음짬뽕,60,200.0,브로콜리,60,80.0,고추가루,60,80.0,당근,넣어,"접시에 담긴 고기, 브로콜리, 당근, 고추가루, 면을 넣어 만든 주황색의 고기 볶음짬뽕이 있다"
CF01_005,60,중식냉면,60,200.0,당근,60,80.0,오이,60,80.0,버섯,담겨,"보울에 오이, 버섯, 강황가루, 주황색의 당근으로 만들어진 강황 중식냉면이 있다"
CF02_001,60,잡탕밥,60,200.0,버섯,46,61.33,양파,40,53.33,만들어진,만들어져,"접시에 쌀, 메추리알, 버섯으로 만들어진 옅은 주황색의 메추리알 잡탕밥이 있다"
CF02_002,60,짜장밥,60,200.0,짜장,60,80.0,양파,40,53.33,만들어져,냄비,"냄비에 담긴 강황가루, 진한 검정색의 짜장, 밥이 들어간 강황 짜장밥이 있다"
CF02_003,60,마파두부덮밥,60,200.0,백미밥,46,153.33,넣어,60,80.0,다진,고기,"보울에 담긴 두부, 다진 고기, 양파에 고추기름을 넣어 만든 주황색의 고추기름 마파두부덮밥이 백미밥과 있다"
CF02_004,60,양파,40,53.33,쌀로,37,49.33,연한,36,48.0,일반표고덮밥,느타리덮밥,"두반장, 표고버섯, 쌀로 만들어진 진한 빨간색의 두반장 표고덮밥이 보울에 있다"
CF02_005,59,계란,59,79.0,차오판,57,76.32,밥이,53,70.97,단무지,새싹채소,"보울에 강황, 계란, 밥이 들어간 진한 갈색의 강황 차오판이 있다"
CF02_006,60,새송이버섯잡채밥,37,123.33,단무지,40,53.33,새송이버섯,38,50.67,사천새송이버섯잡채밥,양파,"하늘색의 보울에 진한 하얀색의 밥,마늘 후레이크,새송이버섯이 들어간 마늘 후레이크 새송이버섯잡채밥이 있다"
CF02_007,60,고추덮밥,48,160.0,돼지고기,60,80.0,고추,60,80.0,양파,플라스틱,"플라스틱 보울에 돼지고기, 고추, 강황이 들어간 진한 갈색의 강황 고추덮밥이 있다"
CF03_001,103,탕수육,88,105.09,단무지,67,80.01,쑥갓,36,42.99,담겨있다,연한,"접시에 담긴 주황색 당근, 목이버섯, 쑥갓, 적양배추가 들어간 야채 탕수육이 있다"
CF03_002,58,반죽,40,133.79,튀김,34,113.72,튀김만두,24,80.28,군만두,밀가루,"튀김만두, 검은색 검은콩소스가 들어간 진한 갈색의 컴은콩소스 범벅 튀김만두가 접시에 있다"
CF03_003,60,가지,54,72.0,어향가지,48,64.0,세개,48,64.0,당면,단무지,"접시에 담긴 다진 고기, 햄, 다진 파, 당면이 튀긴 가지에 올려진 갈색의 고기 어향가지 세개가 있다"
CF03_004,72,크림소스,72,92.0,크림새우,72,92.0,밀가루,72,92.0,튀겨내,새우,접시에 담긴 자른 당근이 올려진 새우에 밀가루를 입혀 튀겨내 크림소스를 얹은 옅은 갈색의 야채 크림새우가 있다
CF03_005,59,돼지고기,59,79.0,찹쌀가루,59,79.0,꿔바로우,38,50.88,단무지,만들어져,"플라스틱 접시에 돼지고기, 두반장, 찹쌀가루가 들어간 짙은 빨간색의 두반장 꿔바로우가 있다"
CF03_006,59,꽃빵튀김,54,180.31,단무지,38,50.88,함께,35,46.86,쪽파,양파,하얀색 크림 꽃빵튀김이 접시 위에  담겨져 있다.
CF03_007,67,깐쇼새우,67,87.0,단무지,46,59.73,카레,17,56.07,새우,청경채,"빨간색의 모듬버섯 깐쇼새우가 새우, 목이버섯으로 만들어져 접시에 있다"
CF03_008,70,멘보샤,70,90.0,새우,70,90.0,연한,62,79.71,단무지,새싹채소,"접시에 빵, 새우, 레몬크림으로 만든 연한 갈색의 멘보샤가 담겨 있다"
CF03_009,72,설탕,72,236.0,고구마빠스,72,92.0,고구마,71,90.72,담겨,단무지,"접시에 노란색의 고구마, 설탕, 검은콩소스가 들어간 검은콩소스 고구마빠스가 있다"
CF03_010,60,돼지고기,60,80.0,춘권피,60,80.0,춘권,60,80.0,양파,만들어져,"돼지고기, 사천소스, 춘권피가 들어간 진한 주황색의 사천칠리 춘권이 사각 접시에 담겨 있다"
CF04_001,65,깐풍기,57,74.54,단무지,41,53.62,올려진,34,44.46,함께,양파,녹색 새러드가 올려진 마늘 깐풍기가 접시 위에 놓여져 있다
CF04_002,60,고추기름,60,80.0,오징어,60,80.0,팔보채,60,80.0,즈란가루,만들어져,"접시에 강황, 오징어, 고추기름이 들어간 진한 주황색의 강황 팔보채가 있다"
CF04_003,60,전분물,60,80.0,유산슬,60,80.0,버섯,48,64.0,양파소스,만들어져,"원형 접시에 새우, 버섯, 전분물이 들어간 옅은 갈색의 새우 유산슬이 있다"
CF04_004,69,닭고기,69,89.0,들어,69,89.0,죽순,69,89.0,라조기,만들어져,"목이버섯, 닭고기, 죽순이 들어가 만들어진 진한 빨간색의 목이듬뿍 라조기가 사각 접시에 담겨 있다"
CF04_005,60,마라샹궈,60,80.0,마라소스,60,80.0,만든,60,80.0,담겨,중국당면,"접시에 담겨 죽순, 두반장, 마라소스, 건고추로 만든 짙은 갈색의 두반장 마라샹궈가 있다"
CF04_006,60,지삼선,60,80.0,가지,60,80.0,피망,60,80.0,파프리카,만들어져,"사각 접시에 사천 고추가루, 가지, 감자, 피망이 들어간 진한 갈색의 사천 지삼선이 있다"
CF04_007,65,마파두부,65,85.0,담겨있다,52,68.0,두부,49,64.08,파프리카,부추,보울에 연한 노란색의 마늘과 두부가 들어간 마늘 마파두부가 들어있다
CF04_008,65,난자완스,65,85.0,소금,65,85.0,고기,65,85.0,버섯,만들어진,"접시에 고기, 소금, 강황가루로 만들어진 옅은 갈색의 강황 난자완스가 있다"
CF04_009,45,돼지고기,45,65.0,고추잡채,45,65.0,파프리카,45,65.0,들어,양파,"사각 그릇에 강황, 파프리카, 돼지고기가 들어가 만들어진 진한 주황색의 강황 고추잡채가 있다"
CF05_001,66,계란탕,50,165.15,계란,49,63.85,국물,46,59.94,양파소스,마늘계란탕,"그릇에 라유, 계란이 들어간 맑은 노란 국물의 라유 계란탕이 있다"
CF05_002,60,삼선탕,60,200.0,공기밥,40,133.33,오징어,60,80.0,새우,담겨,"냄비에 고춧가루, 홍고추, 오징어, 빨간색의 육수로 만들어진 매운 삼선탕이 있다"
CF05_003,60,해삼탕,60,200.0,해삼,60,80.0,양파,40,53.33,야채,만들어진,"그릇에 부추, 해삼, 짙은 갈색의 육수로 만들어진 부추 해삼탕이 있다"
CF05_004,60,계란탕,44,146.67,누룽지탕,15,50.0,누룽지,33,44.0,부추,양파소스,그릇에 노란색 향신료가 뿌려진 묽은 하얀색의 라유 계란탕이 담겨있다
CF05_005,65,마라탕,52,172.0,중국당면,31,102.54,유부,43,56.23,양파,부추,"초록색 부추, 유부, 중국당면으로 만든 맑은 마라탕이 보울에 담겨있다"
CF05_006,60,공기밥,39,130.0,양탕,35,116.67,맑은,44,58.67,훠궈고기,담겨있다,훠궈고기가 들어간 진한 빨간색의 라유양탕이 보울에 담겨있다
CF06_001,60,만든,60,80.0,담겨,60,80.0,양장피,58,77.33,브로콜리,당근,"접시에 옅은 빨간색의 게맛살, 브로콜리, 고기로 만든 게맛살 양장피가 담겨 있다"
CF06_002,60,건두부무침,60,80.0,건두부,60,80.0,고추,60,80.0,담겨,즈란,"보울에 옅은 회색의 건두부, 고추, 간장으로 만든 건두부무침이 담겨 있다"
CF06_003,60,오이무침,60,80.0,오이,60,80.0,넣어,60,80.0,일반,자른,접시에 담긴 자른 오이에 강황을 넣어 만든 갈색의 강황 일반 오이무침이 있다
CF06_004,60,양파소스,40,53.33,해파리냉채,39,52.0,해파리,32,42.67,마늘절임,당근,"접시에 담긴 해파리, 자른 오이, 자른 당근을 넣고 만들어 강황가루를 뿌린 갈색의 강황 해파리냉채가 있다"
CF06_005,60,고수무침,59,78.67,쯔란가루,40,53.33,함께,35,46.67,올려진,완두콩,접시에는 녹색 일반 고수무침이 놓여 올려져 있다
CF06_006,60,돼지부속무침,52,69.33,단무지,40,53.33,함께,35,46.67,염통,무순,접시에는 빨간색 강황돼지부속무침이 담긴 채 놓여져 있다
CF06_007,71,고추기름,71,91.0,짜사이,71,91.0,착채,71,91.0,담겨,마늘,"접시에 착채, 고추기름, 마늘, 굴소스가 들어간 짙은 검은색의 굴소스 짜사이가 담겨 있다"
CF07_001,60,양꼬치,60,80.0,양고기,60,80.0,담겨,60,80.0,즈란가루,새싹채소,"접시에 강황, 양고기가 들어간 짙은 노란색의 강황 양꼬치가 담겨 있다"
CF07_002,60,새우꼬치,49,65.33,단무지,40,53.33,함께,33,44.0,새우,채소,"접시에는 흰색 새우와 게살, 채소가 있는 게살 새우꼬치가 있다"
CF07_003,59,갈비살꼬치,59,79.0,갈비살,59,79.0,즈란가루,40,53.56,담겨,만들어진,"접시에 진한 갈색의 갈비살, 당근, 양파로 만들어져 참깨가 뿌려진 갈비살꼬치가 있다"
CF07_004,60,양깃머리,60,80.0,꼬치,60,80.0,고기,60,80.0,세개,즈란가루,접시에 담긴 양깃머리 고기를 꼬치에 끼워 고추가루를 뿌린 빨간색의 사천 양깃머리 꼬치 세개가 있다
CF07_005,60,건두부꼬치,52,69.33,즈란가루,37,49.33,함께,34,45.33,채소,올려진,접시 위에는 초록색 채소가 올려진 일반 건두부꼬치가 있다
CF07_006,12,마늘꼬치,12,32.0,베이컨,11,29.33,단무지,8,21.33,함께,올려진,접시에는 녹색 채소가 올려진 베이컨 마늘꼬치가 있다
CF07_007,60,닭날개,60,80.0,꼬치,60,80.0,끼운,60,80.0,두개,닭날개꼬치,"접시에 담긴 닭날개, 자른 마늘, 자른 피망, 자른 양파를 꼬치에 끼운 주황색의 닭날개 꼬치 두개가 있다"
CF07_008,60,팽이버섯,60,80.0,베이컨,60,80.0,꼬치,60,80.0,분홍색,연한,"접시에 담긴 주황색의 당근, 팽이버섯, 베이컨이 들어간 당근 팽이버섯 꼬치가 있다"
CF07_009,60,염통줄기꼬치,60,80.0,염통줄기,60,80.0,담겨,60,80.0,고추가루,즈란가루,"접시에 염통줄기, 두반장, 고추가루가 들어간 짙은 빨간색의 두반장 염통줄기꼬치가 담겨 있다"
ETC01_001,67,샐러드,33,108.85,할라피뇨,50,64.93,탄두리치킨,35,45.45,닭고기,계피,"나무접시에 닭고기,계피,후추가 들어간 짙은 주황색의 탄두리치킨이 수저포크세트와 있다"
ETC01_002,66,토마토소스,47,61.24,치즈,47,61.24,샐러드,18,59.45,퀘사디아,담겨,나무도마에 옅은 노란색의 퀘사디아가 수저포크세트와 있다
ETC01_003,61,샐러드,45,149.75,되네르케밥,36,119.8,쉬쉬케밥,25,83.2,고기,할라피뇨,"원형 접시에 짙은 갈색의 고기,토마토,양파가 들어간 쉬쉬케밥이 수저포크세트와 있다"
ETC01_004,48,볶음밥,40,136.67,양파,47,66.58,샐러드,16,54.67,소고기,가지,"오븐접시에 양파,토마토,소고기가 들어간 진한 주황색의 훈카르베엔디가 수저포크세트와 있다"
ETC02_001,14,바인쎄오,14,34.0,페이퍼,14,34.0,라이스,14,34.0,계란,야채,"그릇에 담긴 라이스 페이퍼, 야채, 계란이 들어간 진한 노란색의 바인쎄오가 있다"
ETC02_002,15,나초,15,35.0,샐러드,6,26.0,담겨,9,21.0,할라피뇨,파슬리가루,그릇 위에 진한 노란색의 나초가 담겨 젓가락과 있다
ETC02_003,34,밀가루반죽,34,122.0,스윗칠리소스,34,54.0,삼사,34,54.0,채소,고기,"접시에 밀가루반죽, 고기, 채소로 만든 옅은 노란색의 삼사가 담겨 스윗칠리소스와 같이 있다"
ETC02_004,53,라이스페이퍼,49,67.49,채소,49,67.49,만든,49,67.49,담겨,새우짜조,"나무접시에 채소, 새우, 라이스페이퍼로 만든 짙은 갈색의 새우짜조가 담겨 피클, 샐러드와 있다"
ETC03_001,48,오이,48,68.0,할라피뇨,32,45.33,쌀이,31,43.92,견과류,말린생선나시케라부,"접시에 담긴 오이, 진한 노란색의 치킨, 쌀이 들어간 치킨나시케라부가 있다"
ETC03_002,67,샐러드,22,72.57,할라피뇨,44,57.13,분홍색,43,55.84,연한,새우,연한 분홍색 새우가 올라간 옅은 갈색의 나시고랭이 접시에 있다
ETC04_001,15,포드슈보이,15,35.0,마요네즈,15,35.0,토마토,15,35.0,당근,플레인난,"접시 위에 빨간색의 토마토, 당근, 마요네즈로 만들어진 포드슈보이가 있다"
ETC04_002,39,설탕,39,137.0,방울토마토,39,59.0,파파야,39,59.0,만들어져,짜조,"그릇에 파파야, 빨간색의 방울토마토, 설탕으로 만들어진 솜땀이 있다"
ETC04_003,22,방울토마토,22,42.0,양상추,22,42.0,얌이,22,42.0,고기,담겨,"그릇에 짙은 빨간색의 방울토마토, 양상추, 고기가 들어간 얌이 담겨 있다"
ETC04_004,51,또르띠아,34,47.33,연한,34,47.33,만들어져,33,45.94,담겨,밀가루,"나무쟁반에 밀가루, 소금으로 만들어진 연한 노란색의 또르띠아가 있다"
ETC04_005,32,플라우타,29,47.12,접시위,21,34.12,살사소스,20,32.5,있고,과카몰리,짙은 노란색의 플라우타 위에 소스가 뿌려져 있으며 접시위에 올려져있다
ETC04_006,60,연한,53,70.67,플레인난,36,48.0,접시위,29,38.67,연어올리비에,올리비에,접시위에 연한 노란색의 올리비에가 올라가있고 그 위에는 고명이 올라가 있다
ETC05_001,66,닭고기쌀국수,27,89.18,샐러드,22,72.67,소고기쌀국수,21,69.36,밀가루,쌀국수,"그릇에 닭고기, 밀가루, 하얀색의 육수로 만들어진 닭고기 쌀국수가 있다"
ETC05_002,66,피클,46,59.94,담겨,36,46.91,샐러드,14,46.24,새우,만든,"부추, 새우가 들어간 연한 붉은색의 팟타이가 그릇에 놓여있다"
ETC05_003,35,새싹채소,35,55.0,파인애플,35,55.0,연한,35,55.0,당근,숙주,"그릇에 담긴 연한 주황색 당근, 소면, 숙주, 파인애플, 새싹채소가 들어간 분보남보가 있다"
ETC05_004,65,샐러드,23,76.08,피클,43,56.23,미고렝,28,36.62,파가,숙주나물,"접시에 옅은 노란색의 면,숙주나물,파가 들어간 미고렝이 수저세트와 있다"
ETC05_005,66,샐러드,20,66.06,할라피뇨,45,58.64,초이완,42,54.73,고기,당근,"짙은 하얀색 면과 진한 주황색 당근, 진한 갈색 고기가 보울에 담긴 초이완이 할라피뇨와 놓여있다"
ETC05_006,34,라그만,34,54.0,파프리카,28,44.47,샐러드,12,43.06,고기,맑은,빨간색 파프리카와 옅은 갈색 고기가 들어간 맑은 빨간색의 라그만이 냄비에 놓여있다
ETC05_007,56,치커리,20,67.14,고기,36,48.86,피클,27,36.64,분짜,땅콩가루,"검은색의 보울에 땅콩가루와 쪽파가 올라간 면,진한 갈색의 고기,양상추가 들어간 분짜가 소스,수저세트와 있다"
ETC06_001,56,쌀국수면,20,67.14,샐러드,15,50.36,담겨,36,48.86,베트남고추,고추기름,"보울에 담긴 진한 노란색의 육수,고수고명,닭고기,고추기름이 들어간 똠얌까이가 현미밥,수저세트와 있다"
ETC06_002,46,수저포크세트,46,66.0,냄비,36,51.65,배추,34,48.78,버섯,칠리소스,"냄비에 담긴 진한 분홍색의 고기,배추,청경채가 들어간 수끼고기가 수저포크세트와 있다"
ETC06_003,68,수저젓가락세트,68,88.0,당근,68,88.0,양파,68,88.0,고기,넣은,"그릇에 수저젓가락세트와 고기, 양파, 당근을 넣은 갈색의 딤라마가 담겨 있다"
ETC07_001,65,만두,62,205.08,만두우유차,65,85.0,우유,61,79.77,담겨,수저포크세트,"우유, 만두로 만든 흰색의 만두우유차가 검정 그릇에 담겨있다"
ETC07_002,60,매운양갈비국,35,116.67,만두,29,96.67,양갈비국,25,83.33,양갈비,양배추,"부추가 올라가고 짙은 갈색의 양갈비, 양배추, 당근으로 만든 맑은 양갈비국이 보울에 담겨 있다"
ETC07_003,38,몽골식만두국,38,134.0,만두,38,134.0,튀김만두,22,77.58,맑은,할라피뇨,그릇에 만두가 들어간 맑은 하얀색 육수의 몽골식만두국이 있다
ETC07_004,24,보르시,24,44.0,소고기,24,44.0,비트,24,44.0,만들어져,올리비에샐러드,"비트, 소고기, 진한 빨간색의 육수로 만들어진 보르시가 나무 보울에 담겨있다"
ETC07_005,67,커리,49,161.63,샐러드,33,108.85,갈릭난,49,63.63,야채,담겨,"사각 접시에 담긴 진한 주황색의 커리,야채,닭고기가 들어간 치킨마크니가 수저젓가락세트와 있다"
ETC07_006,64,커리,64,212.0,고기,50,65.62,담겨,45,59.06,샐러드,매운도모다,"그릇에 담긴 짙은 빨간색의 커리,고기,당근이 들어간 도모다가 수저세트와 있다"
ETC07_007,30,오크로시카,30,50.0,오이,30,50.0,소금,30,50.0,감자,만들어져,"그릇에 오이, 감자, 소금으로 만들어진 짙은 하얀색의 오크로시카가 있다"
ETC07_008,63,오이,63,83.0,보리,63,83.0,만들어져,48,63.24,그린샐러드,담겨,"보울에 보리, 초록색의 오이로 만들어진 라솔니크가 담겨 있다"
ETC07_009,30,돼지고기,30,50.0,토마토,30,50.0,옥수수,30,50.0,포솔레,당근,"그릇에 담긴 돼지고기, 옥수수, 토마토, 당근이 들어간 진한 갈색의 포솔레가 있다"
ETC07_010,35,수저포크세트,35,55.0,슈르파,35,55.0,고기,33,51.86,야채,멕시칸라이스,"보울에 담긴 짙은 노란색의 육수,야채,고기가 들어간 슈르파가 수저포크세트와 있다"
ETC08_001,51,카레,50,169.61,꿍팟퐁커리,27,91.59,샐러드,23,78.02,푸빳퐁커리,황색,"밥,피클,샐러드와 그릇에 야채 고명, 게, 카레, 야채가 들어간 진한 황색의 꿍팟퐁커리가 있다"
ETC08_002,38,토마토,38,58.0,담겨,38,58.0,양파,38,58.0,에크멕,치킨귀베치,"보울에 토마토, 양파, 닭고기가 들어간 짙은 빨간색의 치킨귀베치가 담겨 있다"
ETC08_003,54,샐러드,18,60.67,또띠아,38,52.07,피클,36,49.33,사치타바,토마토,"접시에 구운닭고기와 토마토, 밥, 난이 올라가져있는 흰색 사치타바가 있다"
ETC08_004,12,코코넛밀크,12,32.0,소고기,12,32.0,른당,12,32.0,들어,만들어져,"그릇에 소고기, 코코넛밀크, 렌당소스가 들어가 만들어진 진한 갈색의 른당이 있다"
ETC09_001,35,백미밥,25,89.29,샐러드,17,60.71,돼지등뼈,35,55.0,맑은,랭쎕,보울에 돼지등뼈가 들어간 맑은 갈색의 랭쎕이 있다
JF01_001,14,한치초밥,14,62.0,만들어진,14,34.0,한치,14,34.0,밥으,와사비,"플라스틱 채반에 진한 하얀색의 한치, 밥으로 만들어진 한치초밥이 있다"
JF01_002,62,훈제연어초밥,31,103.0,담겨,62,82.0,와사비,47,62.16,식초,간장,"나무접시에 연어, 식초, 밥이 들어간 옅은 주황색의 연어초밥이 담겨 있다"
JF01_003,68,유부,68,88.0,만들어진,53,68.59,감자샐러드유부초밥,18,59.29,감자샐러드,유부초밥,나무쟁반에 유부와 밥으로 만들어진 연한 갈색의 유부초밥이 수저세트와 있다
JF01_004,48,만들어진,48,68.0,밥으,48,68.0,대하초밥,17,58.08,자숙새우초밥,새우초밥,"플라스틱 채반에 연한 주황색의 새우, 밥으로 만들어진 자숙새우초밥이 있다"
JF01_005,56,와사비,42,57.0,간장,42,57.0,담겨,40,54.29,황새치뱃살초밥,참치초밥,도마 위에 검정색 김으로 둘러쌓인 진한 빨간색 참치초밥이 놓여있다
JF01_006,64,담겨,64,84.0,와사비,48,63.0,간장,48,63.0,밥이,미소장국,"나무접시에 밥, 계란, 단무지가 들어간 짙은 백색의 계란롤이 담겨 있다"
JF01_007,64,갈릭장어초밥,32,106.0,장어,64,84.0,밥으,62,81.38,와사비,간장,"진한 갈색의 장어, 밥으로 만들어진 장어초밥이 사각 접시에 담겨 있다"
JF01_008,66,계란초밥,33,109.0,계란,66,86.0,담겨,66,86.0,밥이,와사비,"나무도마에 계란, 김, 밥이 들어간 짙은 노란색의 계란초밥이 담겨 있다"
JF01_009,64,날치알군함초밥,32,106.0,밥으,48,63.0,우니군함초밥,16,53.0,미소장국,만들어진,"나무쟁반에 담긴 날치알, 김, 밥으로 만들어진 주황색의 날치알군함초밥이 수저포크세트와 있다"
JF01_010,67,담겨,67,87.0,소고기갈릭초밥,21,69.27,와사비,52,67.52,간장,꽃등심초밥,"접시에 짙은 갈색의 소고기, 밥, 쪽파로 만들어진 소고기초밥이 담겨 있다"
JF01_011,50,지라시스시,50,170.0,와사비,38,53.2,간장,38,53.2,미소장국,계란,"원형나무통에 하양색 연근, 초록색 무순, 주황색 날치알이 고명으로 올려진 지라시스시가 있다"
JF02_001,66,새우튀김,29,95.79,우동사리,66,86.0,가라아게냉우동,24,79.27,유부우동,맑은,"그릇에 가라아게, 우동사리, 연한 갈색의 육수로 만들어진 가라아게냉우동이 있다"
JF02_002,72,새우튀김,28,91.78,단무지,51,65.17,차슈,50,63.89,연한,함께,보울 안에 연한 갈색 차슈와 노란색 면이 들어간 맑은 하얀색의 차슈돈코츠라멘이 담겨있다
JF02_003,68,카레우동,51,168.0,새우튀김,27,88.94,단무지,49,63.41,돈카츠카레우동,샐러드,하얀색 면이들어간 진한 노란색 카레우동이 보울에 담겨있다
JF02_004,69,볶음우동,43,141.46,새우튀김,30,98.7,우동사리,69,89.0,소고기볶음우동,들어,"원형 그릇에 소고기, 우동사리, 소스가 들어간 진한 갈색의 소고기볶음우동이 있다"
JF02_005,34,수저젓가락세트,34,54.0,판모밀,34,54.0,담겨,34,54.0,새우튀김,모밀판,모밀판에 김이 올라간 짙은 갈색의 판모밀이 담겨 수저젓가락세트와 있다
JF02_006,66,야끼소바,35,115.61,중화면,35,115.61,메밀면,31,102.39,온소바,새우튀김,"그릇에 육수, 메밀면이 들어간 진한 갈색의 온소바가 담겨 있다"
JF03_001,72,락교,48,61.33,샐러드,18,59.0,연한,36,46.0,고로케,콩나물,"접시에 담긴 깨, 고기, 당근이 들어간 진한 갈색의 고기고로케가 있다"
JF03_002,64,샐러드,33,109.31,담겨,64,84.0,빵가루,63,82.69,미소장국,튀김가루,"나무접시에 레몬과 새우, 빵가루가 들어간 옅은 갈색의 에비카츠가 담겨 있다"
JF03_003,66,튀겨,66,86.0,만든,59,76.88,연한,46,59.94,덴뿌라소스,그린샐러드,"플라스틱쟁반에 새우, 가지, 생선, 고추를 튀겨 만든 연한 노란색의 덴뿌라가 수저세트와 있다"
JF03_004,46,양배추샐러드,20,68.7,문어,46,66.0,가쓰오부시,33,47.35,부침가루,타코야끼,"접시에 부침가루, 문어로 만들어진 옅은 갈색의 타코야끼가 있다"
JF03_005,56,튀김가루,56,76.0,새우,56,76.0,담겨,56,76.0,크림치즈새우튀김,새우어묵튀김,"새싹채소가 올라간 새우, 치즈, 튀김가루가 들어간 짙은 노란색의 새우볼튀김이 접시에 담겨 참소스와 있다"
JF03_006,66,튀김가루,66,86.0,담겨,66,86.0,미소장국,22,72.67,문어가라아게,생선가라아게,"나무접시에 닭고기, 튀김가루가 들어간 짙은 갈색의 치킨가라아게가 담겨 있다"
JF03_007,52,양배추샐러드,34,115.08,야키니쿠,52,72.0,담겨,52,72.0,미소장국,와사비,검은색 트레이에 짙은 빨간색의 야키니쿠가 담겨 있다
JF03_008,18,양배추샐러드,12,49.33,아게다시도후,18,38.0,연한,18,38.0,쯔유,두부,"두부, 전분, 쯔유로 만들어져 간 무 고명이 올라간 연한 노란색의 아게다시도후가 그릇에 담겨 있다"
JF03_009,66,현미밥,36,118.91,미소장국,22,72.67,사사모구이,19,62.76,데리야끼장어구이,고등어구이,레몬과 짙은 노란색의 고등어구이가 접시에 담겨 있다
JF04_001,24,무스비,24,44.0,김으,19,34.83,미소장국,7,26.83,계란,꼬들단무지,"하얀 밥과 햄,노란 계란이 김으로 싸인 짙은 하얀색의 무스비가 접시에 놓여있다"
JF04_002,66,담겨,66,86.0,미소장국,22,72.67,김가루,48,62.55,꼬들단무지,올라가고,"원형트레이에 가다랑어포, 밥, 김으로 만들어진 옅은 갈색의 가다랑어오니기리가 담겨 있다"
JF04_003,58,미소장국,35,117.07,닭고기,58,78.0,계란,58,78.0,밥이,담겨,"그릇에 닭고기, 계란, 밥이 들어간 옅은 갈색의 오야꼬동이 담겨 있다"
JF04_004,64,미소장국,33,109.31,꼬들단무지,48,63.0,규동,27,35.44,샐러드,카레규동,짙은 갈색의 고기가 들어간 진한 갈색의 규동이 보울에 담겨있다
JF04_005,4,꼬들단무지,4,24.0,가지,4,24.0,새우,4,24.0,텐동,고추,"꼬들단무지와 그릇에 가지, 고추, 새우가 들어간 진한 노란색의 텐동이 있다"
JF04_006,70,미소장국,37,121.57,계란,70,90.0,담겨,70,90.0,꼬들단무지,돈카츠,"그릇에 돈카츠, 계란, 밥이 들어간 옅은 갈색의 가츠동이 담겨 있다"
JF04_007,12,쌀밥,12,56.0,녹차,12,32.0,미소장국,5,23.33,꼬들단무지,백색,"그릇에 담긴 쌀밥, 녹차, 김이 들어간 맑은 녹색의 김오차즈께가 있다"
JF05_001,58,우메,50,67.24,락교,47,63.21,우메보시,33,44.38,올려,단무지,옅은 빨간색의 시라보시 우메가 우메보시로 만들어 소금을 뿌려 접시에 담겨 있다
JF05_002,67,설탕,67,221.0,소금,67,87.0,미소장국,25,82.46,후쿠진즈케,만들어져,"접시에 오이, 소금, 설탕으로 만들어진 초록색의 규리즈케가 있다"
JF06_001,48,모츠나베,44,62.33,두부,42,59.5,샐러드,17,58.08,냄비,간장소스,"냄비에 담긴 버섯, 양배추, 두부가 들어간 진한 하얀색의 모츠나베가 간장소스, 밥, 샐러드, 락교와 있다"
JF06_002,65,샐러드,30,99.23,버섯,64,83.69,배추,48,62.77,만들어진,간장소스,"전골냄비에 버섯, 연한 빨간색의 소고기, 배추가 들어간 스끼야끼가 있다"
JF06_003,66,샐러드,30,99.09,된장,66,86.0,담겨,32,41.7,백미밥,단무지,"그릇에 담긴 두부, 된장이 들어간 진한 갈색의 두부미소시루가 있다"
JF06_004,45,샐러드,19,65.44,밀푀유나베,45,65.0,만들어진,39,56.33,표고버섯,소고기,"소고기, 진한 갈색의 표고버섯, 깻잎으로 만들어진 밀푀유나베가 도자기 냄비에 담겨 있다"
JF06_005,50,샐러드,22,74.8,새우,50,70.0,전복,50,70.0,조개,요세나베,"전골냄비에 진한 회색의 새우, 전복, 조개가 들어간 요세나베가 있다"
JF06_006,60,우동면,28,93.33,샐러드,25,83.33,담겨,60,80.0,어묵,간장소스,"냄비에 채소, 어묵, 우동면, 육수, 쪽파가 들어간 옅은 갈색의 모츠나베가 담겨 간장소스, 밥, 샐러드, 락교와 과 있다"
JF06_007,14,불고기전골,14,62.0,전골냄비,14,34.0,불고기,14,34.0,배추,버섯,"전골냄비에 담긴 배추, 버섯, 진한 갈색의 불고기가 들어간 불고기전골이 있다"
JF06_008,66,삼치된장조림,26,85.88,샐러드,23,75.97,가자미데리야끼조림,22,72.67,담겨,생강,"접시에 삼치, 생강, 된장으로 만든 옅은 갈색의 삼치된장조림이 담겨 있다"
JF06_009,54,매운조개술찜,34,114.59,샐러드,28,94.37,가리비술찜,20,67.41,간장소스,현미밥,"조개, 소금, 고추가루가 들어간 연한 적색의 매운조개술찜이 냄비에 담겨 간장소스, 밥과 있다"
KF01_001,60,현미밥,20,66.67,기름장,41,54.67,쌈장,41,54.67,연한,깻잎,접시에 올라가 있는 연한 분홍색의 삼겹살이 있다
KF01_002,9,돼지갈비,9,29.0,담겨,9,29.0,현미밥,4,20.89,쌈류상추깻잎,송이버섯,"접시에 짙은 갈색의 돼지갈비가 담겨 수저세트, 쌈장, 쌈류상추깻잎, 현미밥과 있다"
KF01_003,47,현미밥,15,51.38,프라이팬,33,47.04,돼지목살,33,47.04,연한,기름장,프라이팬에 담긴 버섯이 올라간 연한 분홍색의 돼지목살이 배추김치(구이용)와 있다
KF01_004,5,구이,4,28.0,놓여있다,5,25.0,가브리살,5,25.0,돼지고기,특수부위인,돼지고기 특수부위인 갈색의 구운 가브리살과 양파가 불판에 놓여있다
KF01_005,67,현미밥,23,75.87,함께,47,61.03,쌈장,45,58.43,위에,상추,접시 위에 연한 빨간색의 소 갈비살이 놓여져 식탁 위에 올려져 있다
KF01_006,54,담겨,54,74.0,현미밥,18,60.67,기름장,35,47.96,쌈류,쌈장,접시에 옅은 회색의 구운 차돌박이가 담겨 수저세트와 있다
KF01_007,24,소등심,24,44.0,담겨,24,44.0,현미밥,8,30.67,기름장,쌈류,접시에 진한 빨간색의 소등심이 담겨 수저세트와 있다
KF01_008,78,현미밥,20,65.13,쌈류,42,52.77,함께,38,47.74,기름장,쌈장,새송이 버섯과 짙은 빨간색 소 특수부위모듬이 접시 위에 빨간색 김치와 함께 놓여있다
KF01_009,57,현미밥,42,140.74,양배추샐러드,28,93.82,갈치강황구이,27,90.47,미역국,갈치,"식판에 레몬, 옅은 회색의 갈치구이가 담겨 현미밥, 뭇국, 총각김치, 양배추샐러드와 있다"
KF01_010,99,현미밥,48,153.7,고등어구이,35,112.07,양배추샐러드,32,102.46,놓여있다,가자미구이,하얀색 백미밥과 짙은 갈색 고등어구이가 노란색 레몬슬라이스와 함께 접시위에 놓여있다
KF01_011,42,장어강황구이,18,62.57,현미밥,18,62.57,된장국,14,48.67,장어구이,담겨,접시에 흰색의 장어구이가 두조각이 수저세트와 있다
KF01_012,72,담겨,72,92.0,오리로스구이,25,81.94,현미밥,24,78.67,머스타드소스,쌈무,그릇에 짙은 빨간색의 오리로스구이가 담겨 수저세트와 있다
KF02_001,61,현미밥,45,149.75,된장찌개,42,139.77,된장,61,81.0,부추된장찌개,팽이버섯,"뚝배기에 담긴 팽이버섯, 두부, 애호박, 된장이 들어간 진한 갈색의 된장찌개가 있다"
KF02_002,42,현미밥,37,128.62,해산물김치찌개,24,83.43,담겨,37,54.62,김치,오징어,"뚝배기에 들어있는 빨간색의 참치김치찌개가 수저세트, 현미밥, 깍두기, 콩나물무침과 함께 있다"
KF02_003,44,현미밥,36,124.36,순두부,42,61.09,버섯,29,42.18,콩나물무침,깍두기,"뚝배기에 담긴 순두부, 버섯, 진한 빨간색 육수의 기본순두부찌개가 있다"
KF02_004,31,해물부대찌개,26,94.77,현미밥,25,91.13,슬라이스,26,42.77,파를,해물,"보울에 콩나물, 파, 슬라이스햄, 당면, 육수,라면사리를 넣어 만든 진한 빨간색의 부대찌개가 수저세트,현미밥,배추김치,콩나물무침과 있다"
KF02_005,73,현미밥,54,176.79,청국장,72,91.73,연근조림,25,81.85,두부,담겨,"냄비에 청국장이 흰색의 팽이버섯, 자른 두부, 청국장, 김치가 담겨 수저세트와 있다"
KF02_006,51,현미밥,39,132.29,동태찌개,34,115.33,동태,49,68.22,홍합,맑은동태찌개,"냄비에 동태, 홍합, 알, 곤이, 말린 새우를 넣어 만든 짙은 주황색의 동태찌개가 수저세트와 있다"
KF02_007,66,현미밥,54,178.36,만들어진보리새우고추장찌개,27,89.18,연근조림,25,82.58,배추김치,만들어진고추장찌개,"고추 고명, 보리새우, 두부 , 진한 주황색 육수로 만들어진보리새우고추장찌개가 보울에 담겨 현미밥,배추김치,연근조림과 있다"
KF02_008,38,맑은두부찌개,34,119.89,현미밥,30,105.79,연근조림,20,70.53,두부,청경채,"뚝배기에 두부, 청경채, 육수가 들어간 짙은 백색의 맑은두부찌개가 담겨 있다"
KF02_009,60,현미밥,48,160.0,콩비지찌개,39,130.0,콩비지,60,80.0,담겨,맑은콩비지찌개,"뚝배기에 콩비지, 파, 육수가 들어간 연한 노란색의 콩비지찌개가 담겨 현미밥, 배추김치, 콩나물무침과 있다"
KF02_010,61,현미밥,48,159.74,도루묵찌개,33,109.82,된장도루묵찌개,23,76.54,도루묵,자른,"뚝배기에 담긴 흰색의 도루묵, 자른 파, 꽈리고추, 시래기, 육수가 들어간 도루묵찌개가 수저세트와 있다"
KF03_001,54,갈비탕,51,171.89,국물,54,74.0,갈비,51,69.89,현미밥,흑미밥,"뚝배기에 갈비, 국물, 조미료가 들어간 옅은 갈색의 갈비탕이 백미밥과 있다"
KF03_002,48,담겨,42,59.5,해물누룽지탕,11,37.58,배추김치,26,36.83,현미밥,누룽지,"그릇에 쌀, 물로 만들어진 연한 갈색의 누룽지가 있다"
KF03_003,64,현미밥,48,159.0,감자탕,35,115.94,해장국,23,76.19,양념게장,깍두기,짙은 하양색 감자와 짙은 녹색 시래기가 보울에 들어간 맑은 갈색 감자탕이 놓여있다
KF03_004,51,현미밥,41,139.08,알감자닭도리탕,23,78.02,묵은지닭도리탕,22,74.63,닭고기,당근,"그릇에 자른 고추를 올린 닭고기, 양파, 감자, 파, 당근이 들어간 주황색의 닭도리탕이 수저세트와 있다"
KF03_005,60,현미밥,45,150.0,메추리알장조림,33,110.0,해물탕,20,66.67,꽃게탕,알탕,"냄비에 생선, 육수, 홍합, 무, 파를 넣어 만든 짙은 갈색의 해물탕이 수저세트와 있다"
KF03_006,72,현미밥,56,183.56,담겨,67,85.61,굴비매운탕,26,85.22,고추가루,우럭매운탕,"화로냄비에 굴비, 무, 두부, 고사리, 고추가루, 쑥갓이 들어간 진한 빨간색의 굴비매운탕이 담겨 있다"
KF03_007,44,흑미밥,27,93.27,미역,38,55.27,미역국,12,41.45,오징어젓갈,갓김치,"보울에 조개, 미역을 넣어 만든 연한 녹색의 조개미역국과 수저세트가 있다"
KF03_008,77,삼계탕,60,195.58,현미밥,43,140.17,만들어진,53,66.77,대추,메추리알장조림,"닭, 대추, 진한 하얀색의 육수로 만들어진 삼계탕이 보울에 담겨 있다"
KF03_009,74,설렁탕,74,242.0,국수,40,130.81,만들어진,74,94.0,소고기,백미밥,"뚝배기에 소고기, 진한 하얀색 육수로 만들어진 설렁탕이 백미밥과 있다"
KF03_010,58,현미밥,46,153.86,통추어탕,30,100.34,우렁추어탕,26,86.97,미꾸라지,시레기,"식판에 부추가 올라가고 시레기, 미꾸라지, 된장이 들어간 짙은 갈색의 통추어탕이 담겨 현미밥, 깍두기, 갓김치, 귤과 있다"
KF03_011,62,현미밥,37,122.94,어묵,62,82.0,양파,62,82.0,담겨,얼큰오뎅탕,"화로냄비에 옅은 갈색의 어묵, 양파, 육수가 들어간 오뎅탕이 담겨 있다"
KF03_012,61,현미밥,41,136.44,명란콩나물국,17,56.57,콩나물국,14,46.59,맑은,메추리알장조림,뚝배기에 담긴 콩나물로 만든 연한 노란색의
KF03_013,32,얼큰조개탕,29,105.12,백미밥,23,83.38,조개,32,52.0,고추가루,담겨,"보울에 조개, 파, 무가 들어간 짙은 백색의 조개탕이 담겨 흑미밥, 갓김치, 오징어젓갈과 있다"
KF04_001,66,현미밥,47,155.24,낙곱새전골,28,92.48,곱창전골,22,72.67,만들어진,연근조림,"냄비에 곱창, 버섯, 연한 주황색 육수로 만들어진 곱창전골이 있다"
KF04_002,62,현미밥,45,149.52,담겨,62,82.0,김치,62,82.0,연근조림,팽이버섯,"전골냄비에 김치, 배추, 청경채, 팽이버섯, 양파가 들어간 짙은 빨간색의 김치전골이 담겨 현미밥, 깍두기, 연근조림과 있다"
KF04_003,60,현미밥,43,143.33,연근조림,29,96.67,버섯전골,26,86.67,버섯,얼큰버섯전골,"두부, 버섯, 연한 갈색 육수로 만들어진 버섯두부전골이 전골냄비에 담겨 있다"
KF04_004,63,현미밥,44,145.97,김치만두,34,112.79,고기만두,32,106.16,연근조림,양배추,"냄비에 김치만두, 흰색의 고기만두, 물만두, 양배추, 표고버섯, 자른 단호박, 육수를 넣은 만두전골이 수저세트와 있다"
KF04_005,66,현미밥,49,161.85,만두불고기전골,22,72.67,불고기전골,22,72.67,불낙전골,만두,"냄비에 담긴 진한 분홍색의 고기,청경채,양파,당면이 들어간 불고기전골이 수저세트와 있다"
KF04_006,73,현미밥,54,176.79,낙지전골,47,153.88,연근조림,31,101.49,낙지,담겨,"냄비에 연한 보라색의 낙지, 팽이버섯, 부추가 들어간 낙지전골이 담겨 있다"
KF04_007,62,현미밥,42,139.55,동태전골,28,93.03,동태,62,82.0,연근조림,맑은동태전골,"현미밥과 냄비에 동태, 고니, 맑은 빨간색 육수의 동태전골이 있다"
KF04_008,63,현미밥,45,149.29,부추,63,83.0,담겨,63,83.0,수육전골,팽이버섯,"냄비에 짙은 갈색의 수육, 팽이버섯, 부추가 담겨 있다"
KF04_009,16,현미밥,12,51.0,담겨,16,36.0,보라색,15,33.75,잣이,버섯,"보울에 계란지단, 잣, 전, 호두가 들어간 옅은 갈색의 신선로가 담겨 있다"
KF05_001,24,현미밥,17,65.17,적색,24,44.0,담겨,24,44.0,홍어,고추가루,"그릇에 담겨 홍어, 오이, 양파, 파, 고추가루가 들어간 짙은 적색의 홍어무침이 있다"
KF05_002,56,현미밥,43,144.36,꼬막,56,76.0,담겨,55,74.64,연근조림,간장,"꼬막, 고추, 고추가루가 들어간 짙은 갈색의 꼬막무침이 접시에 담겨 현미밥, 갓김치, 메추리알장조림과 있다"
KF05_003,42,현미밥,29,100.81,담겨,42,62.0,연근조림,14,48.67,고추가루,당근,"접시에 소라, 고추가루, 당근, 애호박, 양파가 들어간 소라무침이 담겨 있다"
KF05_004,58,현미밥,40,133.79,오이,58,78.0,넣어,58,78.0,만든,연한,"접시에 담긴 오이, 양파, 당근을 넣어 만든 주황색의 일반 오이무침이 수저세트와 있다"
KF05_005,72,현미밥,54,177.0,메추리알장조림,17,55.72,담겨,42,53.67,고추가루,족발,접시에 돼지고기로 만든 옅은 빨간색의 족
KF05_006,10,현미밥,7,35.0,양파,10,30.0,오이,10,30.0,전어무침,감자조림,접시에 담긴 양파와 오이와 파가 들어간 붉은색 전어무침이 있다.
KF05_007,60,현미밥,44,146.67,오징어,60,80.0,담겨,60,80.0,고추가루,연근조림,"접시에 오징어, 고추가루, 양배추가 들어간 옅은 빨간색의 오징어무침이 담겨 있다"
KF05_008,51,현미밥,24,81.41,콩나물,51,71.0,연근조림,16,54.27,담겨,흑미밥,접시에 콩나물을 넣어 만든 옅은 노란색의 콩나물무침이 젓가락과 있다
KF05_009,66,현미밥,46,151.94,메추리알장조림,26,85.88,담겨,57,74.27,미역국,도토리묵무침,"접시에 짙은 갈색의 도토리묵, 당근, 상추, 고추가루가 들어간 도토리묵무침이 담겨 있다"
KF06_001,46,현미밥,34,116.78,들깨제육볶음,23,79.0,미역국,23,79.0,돼지고기,당근,"고추고명이 올라가고 당근, 돼지고기, 고추가루가 들어간 짙은 주황색의 두루치기가 접시에 담겨 현미밥과 있다"
KF06_002,59,현미밥,45,150.25,미역국,31,103.51,낙지간장볶음,26,86.81,당근,낙지,"접시에 낙지, 주황색의 당근, 초록색의 파로 만들어진 낙지볶음이 있다"
KF06_003,48,현미밥,33,112.75,미역국,20,68.33,담겨,48,68.0,두부,김치,"접시에 짙은 갈색의 차돌박이, 파고명, 김치, 두부가 들어간 차돌박이두부김치가 담겨 현미밥과 있다"
KF06_004,33,오징어간장볶음,20,72.12,현미밥,15,54.09,오징어,33,53.0,양파,미역국,"오징어,양파,파가 들어간 연한 갈색의 오징어간장볶음이 철판냄비에 담겨 수저세트와 있다"
KF06_005,67,현미밥,51,168.22,미역국,33,108.85,당근,67,87.0,부추,담겨,"접시에 양파, 부추, 당근을 넣어서 만든 주황색의 오리주물럭이 담겨 수저세트와 있다"
KF06_006,18,콩나물국,18,74.0,현미밥,16,65.78,접시위,17,35.89,계란찜,닭똥집,"갈색의 똥집으로 볶은 닭똥집이 접시에 담긴채로 수저세트, 콩나물국, 현미밥과 놓여져 있다"
KF06_007,57,현미밥,41,137.39,콩나물쭈꾸미볶음,29,97.18,쭈꾸미볶음,28,93.82,미역국,쭈꾸미,"접시위에 당근,양파,부추와 볶아진 연한 빨간색 쭈꾸미볶음이 놓여있다"
KF06_008,64,현미밥,44,145.75,미역국,31,102.69,닭발,64,84.0,깍두기,무뼈닭발,접시 위에 닭발이 들어간 진한 빨간색의 무뼈닭발이 수저세트와 있다
KF06_009,40,현미밥,29,101.5,미역국,18,63.0,고춧가루,30,45.0,오돌뼈,마늘,"접시에 고춧가루,마늘,오돌뼈가 들어간 짙은 빨간색의 오돌뼈가 수저세트와 있다"
KF06_010,67,현미밥,52,171.52,미역국,37,122.04,닭고기,67,87.0,양파,깍두기,"나무접시에 닭고기,대파,양파가 들어간 진한 빨간색의 닭갈비가 수저세트와 있다"
KF06_011,66,현미밥,46,151.94,미역국,29,95.79,막창볶음,24,79.27,담겨,곱창볶음,접시위에 당근과 각종 야채가 들어간 진한 붉은색의 곱창볶음이 올려져있다
KF06_012,13,순대볶음,13,59.0,현미밥,10,45.38,자주색,13,33.0,순대,양파,"접시에 담긴 당근, 순대, 양파가 들어간 짙은 자주색의 순대볶음이 있다"
KF06_013,55,현미밥,41,137.91,미역국,28,94.18,들깨소세지야채볶음,24,80.73,매운소세지야채볶음,소세지,"접시에 진한 갈색의 소시지, 피망, 파가 들어간 소시지야채볶음이 있다"
KF07_001,51,현미밥,36,122.12,갈치,51,71.0,담겨,51,71.0,갈치카레조림,갈치된장조림,"접시에 무, 양파, 고추가루, 갈치가 들어간 옅은 빨간색의 갈치조림이 담겨 있다"
KF07_002,48,현미밥,36,123.0,코다리,48,68.0,담겨,48,68.0,코다리조림,코다리무조림,"그릇에 코다리, 시래기, 고추가루가 들어간 진한 빨간색의 코다리조림이 담겨 있다"
KF07_003,51,현미밥,38,128.9,반건조가자미조림,18,61.06,가자미조림,17,57.67,가자미된장조림,가자미,"접시에 파, 무, 가자미가 들어간 연한 주황색의 가자미조림이 있다"
KF07_004,48,현미밥,36,123.0,명태,48,68.0,간장,48,68.0,명태조림,명태꽈리고추조림,"그릇에 명태,대파,감자,옅은 갈색의 간장이 들어간 명태조림이 수저세트와 있다"
KF07_005,48,현미밥,32,109.33,조기,48,68.0,조기조림,17,58.08,조기고사리조림,조기간장조림,"접시에 담긴 조기, 무, 빨간 고추양념이 들어간 연한 적색의 조기조림이 수저세트와 있다"
KF07_006,48,현미밥,33,112.75,두부조림,21,71.75,담겨,37,52.42,설탕,두루꽈리고추간장조림,"접시에 담긴 고추가루, 설탕, 소금이 들어간 연한 자주색의 두부조림이 있다"
KF07_007,62,현미밥,43,142.87,꽁치조림,27,89.71,꽁치,62,82.0,담겨,꽁치무조림,"보울에 진한 회색의 꽁치, 무, 양파, 고추가루가 들어간 꽁치조림이 담겨 있다"
KF07_008,62,현미밥,41,136.23,담겨,62,82.0,도루묵,46,60.84,반건조도루묵고추조림,도루묵고추장조림,"보울에 도루묵, 열무, 고추가루가 들어간 짙은 빨간색의 도루묵조림이 담겨 있다"
KF07_009,49,현미밥,34,115.88,알감자조림,23,78.39,설탕,19,64.76,간장,표고감자조림,"접시에 감자,간장,설탕이 들어간 옅은 갈색의 감자조림이 수저세트와 있다"
KF07_010,59,현미밥,43,143.58,설탕,43,143.58,연근,59,79.0,고추장연근조림,된장연근조림,"간장,설탕,연근이 들어간 진한 갈색의 연근조림이 접시에 담겨수저세트와 있다"
KF07_011,77,장조림,60,195.58,현미밥,36,117.35,백미밥,25,81.49,담겨,돼지고기,"계란,돼지고기가 들어간 진한 갈색의 장조림이 그릇에 담겨 있다"
KF08_001,56,담겨,48,65.14,육전,18,60.43,간장양념장,43,58.36,밀가루,깍두기,밀가루를 입혀 구운 연한 노란색의 육전이 접시에 담겨 있고 간장양념장과 수저세트가 있다
KF08_002,50,감자채전,20,68.0,담겨,47,65.8,간장양념장,40,56.0,깍두기,감자,"접시에 담긴 고추, 감자가 들어간 옅은 노란색의 감자전이 간장양념장, 나박김치, 깍두기와 있다"
KF08_003,39,해물김치전,15,52.69,간장양념장,29,43.87,보리새우김치전,12,42.15,참치김치전,갓김치,"원형나무도마에 보리새우 밀가루, 배추김치로 만든 옅은 적색의 보리새우김치전 있다"
KF08_004,42,간장양념장,34,50.19,해물야채전,12,41.71,연한,26,38.38,새우부추전,위에,초록색 부추가 들어간 연한 노란색의 부추전이 접시에 올려져있다
KF08_005,39,간장양념장,31,46.9,해물파전,11,38.64,오징어파전,10,35.13,깍두기,담겨,"접시에 담긴 파, 당근, 오징어가 들어간 옅은 노란색의 해물파전이 있다"
KF08_006,40,매운굴전,16,56.0,카레굴전,16,56.0,간장양념장,30,45.0,담겨,카레,접시에 담긴 굴이 들어간 연한 노란색의 굴전이 있다
KF08_007,41,녹두전,23,80.22,녹두,41,61.0,담겨,37,55.05,간장양념장,배추녹두전,"녹두, 부추, 소금이 들어간 진한 갈색의 녹두전이 접시에 담겨 간장양념장, 동치미와 있다"
KF08_008,68,메밀,47,60.82,야채,47,60.82,간장양념장,29,37.53,담겨,해물,"""메밀, 해물, 야채가 들어가 만들어져 레몬 슬라이스가 올라간 진한 하얀색의 해물메밀전병이 접시에 담겨 간장양념장과 있다"""
KF08_009,66,놓여있다,55,71.67,대구전,20,66.06,간장양념장,47,61.24,가자미전,아귀전,옅은 노란색의 동태전이 접시위에 수저세트와 놓여있다
KF09_001,43,백미밥,32,110.88,오징어젓갈,43,63.0,오징어,43,63.0,소금,담겨,"그릇에 오징어, 깨, 양파, 소금, 고추고명이 들어간 진한 빨간색의 오징어젓갈이 담겨 백미밥과 있다"
KF09_002,14,어리굴젓,14,34.0,현미밥,6,26.57,미역국,4,17.71,배추김치,접시안,그릇안에 굴로 만든 옅은 붉은색을 띄는 어리굴젓이 담겨있다
KF09_003,61,현미밥,38,126.46,담겨,53,70.38,명란젓,31,41.16,청어알젓,고추가루,접시에 옅은 주황색의 명란젓이 담겨 젓가락과 있다
KF09_004,56,현미밥,35,117.5,갈치속젓,29,39.36,올린,28,38.0,놓여있다,밴댕고추젓,진한 빨간색의 갈치속젓이 그릇에 현미밥과 놓여있다
KF09_005,73,현미밥,51,166.97,간장,73,93.0,담겨,72,91.73,올라가고,황게장,현미밥과 접시에 간장이 들어간 짙은 갈색의 간장게장이 함께 있다
KF09_006,13,현미밥,13,59.0,조개,12,30.46,다시마쌈,9,22.85,알배추쌈,조개젓,"그릇에 담긴 고추 고명, 조개가 들어간 진한 빨간색 양념 조개젓이 현미밥과 있다"
KF09_007,47,현미밥,30,102.77,양념돌게장,20,28.51,접시위,20,28.51,고추고명,순살양념게장,진한 빨간색 양념게장이 접시 위에 있고 수저세트와 놓여있다
KF09_008,58,현미밥,39,130.45,담겨,47,63.21,고추가루,39,52.45,생선,횟대밥식해,"그릇에 담긴 파 고명, 생선이 들어간 진한 빨간색 식해가 현미밥과 있다"
KF09_009,41,현미밥,24,83.71,전복장,27,40.17,담겨,21,31.24,함께,꼬마전복장,접시 위에 진한 갈색의 전복장 두마리가 올라가있으며 현미밥이 있다
KF09_010,54,현미밥,43,144.93,새우젓,54,74.0,담겨,28,38.37,백색,분홍색,"고추고명이 올라간 옅은 백색의 새우젓이 그릇에 담겨 수저세트, 현미밥과 있다"
KF10_001,20,현미밥,15,60.0,계란찜,12,48.0,계란,20,40.0,연한,야채계란찜,"접시에 계란,소금이 들어간 연한 노란색의 계란찜이 수저세트와 있다"
KF10_002,77,현미밥,58,189.06,알곤이아구찜,27,88.01,콩나물,61,76.84,아귀,미역국,"보울에 아귀,콩나물,고춧가루가 들어간 짙은 빨간색의 아구찜이 수저세트와 있다"
KF10_003,59,현미밥,41,136.9,고사리해물찜,24,80.14,담겨,59,79.0,해물알찜,새우,"보울에 낙지, 콩나물, 새우, 생선알이 들어간 짙은 빨간색의 해물찜이 담겨 있다"
KF10_004,64,현미밥,46,152.38,간장양념코다리찜,24,79.5,시래기코다리찜,24,79.5,놓여있다,코다리찜,진한 붉은색을 띄고있는 코다리찜이 접시 위에 놓아져있다
KF10_005,40,현미밥,26,91.0,담겨,40,60.0,조기찜,14,49.0,민어찜,도미찜,접시에 연한 회색의 민어찜이 담겨 수저세트와 있다
KF10_006,27,현미밥,20,74.81,갈비찜,15,56.11,등갈비김치찜,9,33.67,달걀찜,당근,"뚝배기에 담긴 당근, 감자, 양파, 갈비가 들어간 짙은 갈색 갈비찜이 있다"
KF10_007,65,현미밥,49,162.08,매운게찜,23,76.08,랍스터찜,16,52.92,게찜,미역국,"소쿠리에 게, 레몬 슬라이스가 올라간 진한 주황색의 게찜이 있다"
KF10_008,64,현미밥,47,155.69,매운맛뼈찜,32,106.0,뼈찜,18,59.62,담겨,고추,돼지등뼈로 만들어진 진한 갈색의 뼈찜이 나무 접시에 담겨 있다
KF10_009,66,현미밥,50,165.15,가오리찜,24,79.27,매운가오리찜,23,75.97,홍어찜,위에,올라가 있는 진한 하얀색의 가오리찜이 그릇 위에 담겨 있다
KF10_010,63,당면,26,86.25,자주색,51,67.19,두부,37,48.75,찹쌀,선지,"접시에 찹쌀, 당면, 선지가 들어간 진한 자주색의 순대가 있다"
KF10_011,53,현미밥,38,128.34,만두,31,104.7,당근,49,67.49,카레,담겨,"닭, 간장, 만두, 당근, 양파로 만들어진 짙은 갈색의 안동찜닭이 그릇에 담겨 현미밥과 같이 있다"
KF10_012,69,뿔소라찜,27,88.83,현미밥,24,78.96,미역국,24,78.96,홍가리비찜,초고추장,진한 색회색의 소라찜 두마리가 접시위에 올라가있다
KF11_001,48,현미밥,19,64.92,노른자,41,58.08,고추장,36,51.0,연어육회고추장양념,부추,"회색의 접시에 소고기,깨,소금이 들어간 진한 빨간색의 소금양념육회가 수저세트와 있다"
KF11_002,58,현미밥,21,70.24,야채,32,43.03,소면,12,40.14,가마지회,가자미세꼬시물회,"보울에 회, 야채, 진한 빨간색의 육수가 들어간 물회가 있다"
KF11_003,57,담겨,47,63.49,초고추장,35,47.28,꽃멍게,27,36.47,플라스틱채반,돌멍게,"접시에 옅은 갈색의 돌멍게, 레몬이 담겨 수저세트, 초고추장과 있다"
KF11_004,30,전복,30,50.0,현미밥,11,40.33,미역국,11,40.33,만들어진,초고추장,불판에 전복으로 만들어진 진한 하얀색의 전복회가 있다
KF11_005,37,문어숙회,37,57.0,담겨,37,57.0,현미밥,14,49.57,보라색,초고추장,접시에 짙은 백색의 문어숙회가 담겨 수저세트와 있다
KF11_006,35,현미밥,12,42.86,초고추장,24,37.71,담겨,23,36.14,가리비회,백색,플라스틱 채반에 담긴 옅은 하얀색의 키조개가 있다
KF11_007,60,초고추장,40,53.33,쭈꾸미,23,30.67,위에,23,30.67,상추,원형,사각 접시에 오징어로 만들어진 진한 하얀색의 오징어숙회가 있다
KF11_008,51,초고추장,34,47.33,담겨,28,38.98,보라색,27,37.59,연한,낙지탕탕이,레몬과 짙은 하얀색의 낙지탕탕이가 그릇에 담겨 있다
KF11_009,36,연한,33,51.33,담겨,27,42.0,현미밥,11,39.11,미역국,초고추장,접시에 담긴 연한 흰색의 광어회가 수저세트와 있다
KF11_010,66,현미밥,40,132.12,담겨,62,80.79,육사시미,48,62.55,갓김치,무순,접시에 짙은 빨간색의 육사시미가 담겨 수저세트와 있다
KF12_001,32,현미밥,15,54.38,놓여있다,23,37.38,뭍은,23,37.38,양념,시금치김치,진한 초록색의 갓김치가 접시위에 놓여있고 수저세트가 있다
KF12_002,42,현미밥,21,73.0,담겨,23,33.95,연한,22,32.48,올려진,배추,"그릇에 담겨 있는 무, 파, 연한 빨간색의 육수가 들어간 물김치(나박김치)가 현미밥과 있다"
KF12_003,44,현미밥,21,72.55,고추가루,44,64.0,담겨,44,64.0,고추고명,얼갈이겉절이,"얼갈이, 깨, 고추가루, 고추고명이 들어간 진한 초록색의 얼갈이겉절이가 접시에 담겨 현미밥과 함께 있다"
KF12_004,40,현미밥,21,73.5,함께,29,43.5,고춧가루,26,39.0,부추,오이,접시 위에는 빨간 고춧가루가 있는 오이소박이가 놓여져 수저세트와 같이 있다
KF12_005,68,설탕,46,151.53,현미밥,24,79.06,고추가루,42,54.35,담겨,소금,"그릇에 담긴 고추가루, 소금, 설탕이 들어간 진한 빨간색 배추김치가 있다"
KF12_006,48,현미밥,23,78.58,고춧가루,32,45.33,담겨,32,45.33,마늘,소금,"고춧가루, 우엉, 마늘, 소금으로 만들어져 고추가 올라간 짙은 빨간색의 우엉김치가 원형그릇에 담겨 현미밥과 있다"
KF12_007,5,현미밥,4,28.0,쪽파,5,25.0,홍고추,4,20.0,옆에,자른동치미,"현미밥, 수저세트가 그릇에 담긴 빨간색 홍고추, 무, 쪽파로 만들어진 자른동치미와 함께 있다"
KF12_008,27,현미밥,13,48.63,고추가루,27,47.0,부추,27,47.0,담겨,간장,"접시에 부추, 고추가루, 간장이 들어간 짙은 초록색의 부추김치가 담겨 있다"
KF12_009,44,현미밥,25,86.36,고추가루,44,64.0,담겨,44,64.0,총각무된장볶음,총각김치볶음,"접시에 열무, 고추가루, 소금이 들어간 옅은 빨간색의 총각김치볶음이 담겨 현미밥과 있다"
KF12_010,52,현미밥,25,84.62,담겨,33,45.69,열무,28,38.77,만들어진,고춧가루,"접시에 고추가루, 열무로 만든 짙은 초록색의 열무김치가 담겨 있다"
KF12_011,60,고추가루,52,69.33,현미밥,17,56.67,적색,40,53.33,소금,백미밥,"그릇에 담긴 무, 고추가루가 들어간 연한 적색의 깍두기가 있다"
KF12_012,40,고추가루,40,60.0,간장,40,60.0,담겨,33,49.5,백미밥,깻잎,"그릇에 깻잎, 간장, 고추가루가 들어간 짙은 초록색의 깻잎김치가 담겨 있다"
KF12_013,39,현미밥,17,59.72,고추가루,39,59.0,담겨,26,39.33,대파,대파굴김치,"접시에 파, 고추가루가 들어간 짙은 초록색의 파김치가 담겨 있다"
KF13_001,42,설탕,12,41.71,콘도그,24,35.43,뿌려진,20,29.52,케찹,생라면,접시에 담긴 연한 노란색의 콘도그가 수제세트와 있다
KF13_002,59,오뎅탕,43,143.58,떡볶이,35,116.86,고추가루,59,79.0,담겨,가래떡떡볶이,"그릇에 떡, 오뎅, 고추가루가 들어간 짙은 빨간색의 떡볶이가 담겨 있다"
KF13_003,54,담겨,54,74.0,회색,42,57.56,우동장국,16,53.93,양념소금,컷팅되어,"그릇에 돼지허파, 간이 들어간 짙은 회색의 돼지부속이 담겨 있다"
KF13_004,59,우동장국,39,130.22,담겨,59,79.0,해물짜장떡볶이,18,60.1,우삼겹짜장떡볶이,짜장소스,"오징어, 어묵, 떡이 들어간 짙은 검은색의 해물짜장떡볶이가 그릇에 담겨 우동장국, 단무지와 있다"
KF13_005,54,우동장국,27,91.0,소세지크림떡볶이,19,64.04,크림떡볶이,18,60.67,마라로제크림떡볶이,오뎅탕,"보울에 담긴 떡볶이 떡, 크림소스가 들어간 진한 백색의 크림떡볶이가 있다"
KF13_006,58,국물떡볶이,37,123.76,오뎅탕,28,93.66,국물누들떡볶이,21,70.24,설탕,계란국,"식판에 담긴 어묵, 고추장, 떡이 들어간 진한 주황색 국물떡볶이가 흑미밥,오뎅탕,단무지무침,달걀장조림과 있다"
KF13_007,66,담겨,66,86.0,어묵,66,86.0,버섯,60,78.18,떡볶이,간장양념장,"보울에 어묵, 파, 육수가 들어간 옅은 갈색의 꼬치어묵이 담겨 있다"
KF13_008,31,오뎅탕,21,76.55,차돌떡볶이,20,72.9,차돌,31,51.0,치즈차돌누들떡볶이,담겨,"고추장, 차돌, 떡이 들어간 진한 주황색 차돌떡볶이가 보울에 담겨 있다"
KF13_009,44,설탕,44,152.0,밀가루,44,64.0,담겨,43,62.55,아이스크림,견과류,"접시에 밀가루, 설탕, 깨가 들어간 옅은 갈색의 호떡이 담겨 있다"
KF13_010,24,설탕,18,69.0,밀가루,24,44.0,담겨,21,38.5,아이스크림,자색고구마붕어빵,"그릇에 팥, 밀가루, 설탕이 들어간 연한 노란색의 단팥붕어빵이 담겨 있다"
KF13_011,49,소세지,45,63.37,떡이,38,53.51,치즈,26,36.61,담겨,양념소스,"접시에 담긴 양념소스, 소세지, 떡이 들어간 연한 주황색 소떡소떡이 있다"
KF14_001,45,냉면,45,155.0,계란,44,63.56,평양물냉면,13,44.78,함흥물냉면,홍어물냉면,"냄비에 무절이, 계란, 오이, 냉면이 들어간 연한 회색의 물냉면이 있다"
KF14_002,50,냉면,50,170.0,계란,42,58.8,열무비빔냉면,16,54.4,차돌비빔냉면,배추김치,"보울에 계란, 열무, 연한 회색의 냉면이 들어간 열무비빔냉면이 있다"
KF14_003,27,라면,26,97.26,라면스프,27,47.0,담겨,27,47.0,국물,현미밥,"보울에 면, 국물, 라면스프가 들어간 옅은 빨간색의 라면이 담겨 배추김치와 있다"
KF14_004,14,소면,11,48.71,콩나물멸치잔치국수,7,31.0,잔치국수,6,26.57,애호박,단무지,"소면, 노란색 계란, 애호박이 들어간 잔치국수가 그릇에 담겨 있다"
KF14_005,21,간장메밀비빔국수,9,35.57,메밀면,9,35.57,국수,8,31.62,간장,계란,"접시에 담긴 지단, 김, 간장이 들어간 옅은 주황색 간장비빔국수가 배추김치,단무지와 있다"
KF14_006,58,서리태콩국수,21,70.24,팥빙콩국수,19,63.55,배추김치,41,55.14,단무지,담겨,"보울에담긴 오이와 진한 회색 육수의 콩국수가 배추김치,단무지와 있다"
KF14_007,58,해물칼국수,18,60.21,양념해물칼국수,15,50.17,단무지,36,48.41,칼국수,배추김치,"보울에는 대파, 김가루, 계란이 있는 칼국수가 담겨 수저세트, 양념장과 함께 있다"
KF14_008,46,갓김치들기름막국수,23,79.0,막국수,23,79.0,메밀국수,22,75.57,갓김치,고추장,"보울에 담긴 김, 진한 빨간색 고추장, 메밀국수가 들어간 막국수가 열무김치와 있다"
KF14_009,44,열무메밀국수,22,76.0,메밀면,22,76.0,열무김치,44,64.0,담겨,올라,"보울에 짙은 초록색의 열무김치, 오이, 면이 들어간 열무국수가 담겨 있다"
KF14_010,63,현미밥,32,106.16,당면,31,102.84,담겨,56,73.78,피망,연근조림,"그릇에 당근, 당면, 시금치가 들어간 옅은 갈색의 잡채가 현미밥과 있다"
KF15_001,23,참치회덮밥,15,58.04,미역국,11,42.57,담겨,22,41.13,회덮밥,무순,"보울에 회, 당근, 오이, 양배추, 짙은 빨간색의 초고추장으로 만든 회덮밥이 담겨 있다"
KF15_002,58,돼지고기,58,78.0,치즈제육덮밥,23,76.93,깻잎제육덮밥,22,73.59,된장국,미역국,"보울에 담긴 양파, 당근, 돼지고기가 들어간 연한 빨간색의 제육덮밥이 있다"
KF15_003,48,미역국,34,116.17,적색,48,68.0,고추가루,46,65.17,새싹채소,쭈꾸미삼겹덮밥,"보울에 담긴 오징어, 고추가루, 파가 들어간 진한 적색의 오징어덮밥이 무국, 무생채, 메추리알장조림과 있다"
KF15_004,61,연근조림,29,96.51,콩나물불고기덮밥,21,69.89,미역국,20,66.56,된장국,같이,"식판에는 초록색, 빨간색 고추가 올려진 불고기덮밥이 메추리알장조림, 무생채, 귤, 콩나물국과 같이 놓여져 수저세트와 같이 있다"
KF15_005,49,카레,35,119.29,새우어묵카레덮밥,32,109.06,미역국,20,68.16,카레덮밥,감자,"보울에 담긴 감자, 카레, 밥이 들어간 진한 황색 카레덮밥이 있다"
KF15_006,63,미역국,37,122.75,새싹채소비빔밥,21,69.67,꽃비빔밥,16,53.08,어린잎,밥이,"짙은 빨간색의 고추장, 나물, 밥이 들어간 비빔밥이 보울에 담겨 있다"
KF15_007,53,치킨마요덮밥,21,70.92,만든,41,56.47,스팸마요덮밥,16,54.04,참치마요덮밥,옆에,"보울는 닭고기, 노란색 계란, 쌀로 만든 치킨마요덮밥이 담겨져 수저세트와 같이 있다"
KF15_008,60,연근조림,36,120.0,장어,60,80.0,담겨,50,66.67,부추무침장어덮밥,아보카도장어덮밥,"보울에 담긴 연한 갈색 장어, 간장소스가 들어간 장어덮밥이 있다"
KF15_009,61,미역국,25,83.2,콩나물,61,81.0,해물콩나물밥,24,79.87,새우콩나물밥,콩나물밥,"식판에 콩나물, 밥, 고기, 간장양념이 들어간 옅은 갈색의 콩나물밥이 담겨 김, 나박김치, 무생채와 있다"
KF15_010,57,꼬막,57,77.0,부추꼬막비빔밥,20,67.02,꼬막비빔밥,20,67.02,연근조림,차돌꼬막비빔밥,"보울에 담긴 고추, 부추, 꼬막이 올라간 짙은 갈색의 꼬막비빔밥이 무국과 있다"
KF15_011,66,연어육회비빔밥,38,125.52,미역국,38,125.52,새싹채소,51,66.45,어린잎,육회비빔밥,"보울에 담긴 진한 적색의 육회, 쌀밥이 들어간 육회비빔밥이 있다"
KF15_012,62,미역국,35,116.29,멍게비빔밥,30,99.68,성게알비빔밥,18,59.81,멍게,당근,"그릇에 진한 노란색의 멍게, 오이, 당근이 들어간 멍게비빔밥이 있다"
KF16_001,57,순대국밥,28,93.82,백미밥,23,77.07,얼큰순대국밥,19,63.67,순대,담겨,"뚝배기에 순대, 돼지 부속물, 진한 하얀색 육수가 들어간 순대국밥이 있다"
KF16_002,65,돼지국밥,36,119.08,백미밥,36,119.08,돼지고기,59,77.15,매운돼지국밥,돼지사골,"뚝배기에 돼지고기, 돼지사골, 진한 하얀색의 육수로 만들어진 돼지국밥이 있다"
KF16_003,30,메추리알장조림,13,47.67,콩나물,28,46.67,콩나물국밥,10,36.67,황태콩나물국밥,김치콩나물국밥,"뚝배기에 연한 노란색 콩나물이 들어있는 맑은 콩나물국밥이 짙은 빨간 무생채, 짙은 갈색 고기가 있는 메추리알장조림과 놓여있다"
KF16_004,74,백미밥,40,130.81,깍두기,35,44.46,느타리육개장,33,41.92,놓여있다,갓김치,원형뚝배기에 짙은 갈색고기가 들어간 진한 빨간색 육개장이 담겨있다
KF16_005,66,백미밥,32,105.7,소고기국밥,31,102.39,소고기,51,66.45,해물소고기국밥,담겨,"뚝배기에 짙은 백색의 육수, 소머리고기가 들어간 소머리국밥이 담겨 백미밥, 깍두기, 갓김치와 있다"
KF16_006,69,선지국밥,52,171.07,백미밥,49,161.2,콩나물,37,47.72,깍두기,갓김치,"뚝배기에 담긴 선지, 콩나물, 시래기가 들어간 진한 갈색 육수의 선지국밥이 있다"
KF16_007,15,굴국밥,15,65.0,백미밥,9,39.0,굴이,15,35.0,국물,맑은,"맑은 하얀색의 국물,무,굴이 들어간 굴국밥이 뚝배기에 담겨 수저세트,백미밥과 있다"
KF16_008,66,매운황태국밥,28,92.48,황태,66,86.0,현미밥,23,75.97,황태국밥,콩나물,"뚝배기에 황태, 무, 연한 노란색 육수가 들어간 황태국밥이 있다"
KF17_001,72,전복죽,72,236.0,장조림,38,124.56,전복,57,72.83,담겨있다,연한,연한 갈색의 전복이 올라간 진한 하얀색의 전복죽이 보울에 담겨있다
KF17_002,48,어죽,48,164.0,국수,24,82.0,호박,48,68.0,생선,깍두기,"보울에 담긴 호박, 생선, 쌀이 들어간 진한 주황색의 어죽이 깍두기와 있다"
KF17_003,59,단호박죽,55,183.64,호박,55,73.64,새알,55,73.64,담겨,동치미,"보울에 호박, 새알이 들어간 짙은 노란색의 단호박죽이 담겨 있다"
KF17_004,58,매생이죽,53,177.28,장조림,22,73.59,배추김치,25,33.62,냄비,동치미,"냄비에 짙은 초록색 매생이가 들어간 매생이죽이 동치미, 오징어젓갈, 배추김치, 장조침과 있다"
KF17_005,65,통단팥죽,25,82.69,동지팥죽,24,79.38,설탕,24,79.38,담겨,보라색,"보울에 찹쌀, 팥, 설탕이 들어간 진한 흑색의 동지팥죽이 담겨 있다"
KF17_006,59,문어김치죽,27,90.15,김치,59,79.0,쌀밥,17,56.76,쭈꾸미김치죽,동치미,"뚝배기에 담긴 낙지, 쌀밥, 김치가 들어간 옅은 적색의 낙지김치죽이 동치미와 있다"
KF17_007,51,야채,51,71.0,야채죽,19,64.45,새송이연근야채죽,16,54.27,소고기야채죽,동치미,"보울에 쌀, 야채로 만들어져 김가루 고명이 올라간 짙은 하얀색의 야채죽이 있다"
KF17_008,34,흑임자서리태오곡죽,15,53.82,흑임자죽,14,50.24,동치미,17,27.0,꽈리고추장조림,비트동치미,"보울에 담긴 검은깨, 소금, 찹쌀이 들어간 진한 회색의 흑임자죽이 비트동치미와 있다"
WF01_001,62,감자샐러드,26,86.39,감자에그샐러드,25,83.06,계란,62,82.0,감자,마요네즈,"접시에 감자, 계란, 마요네즈가 들어간 연한 노란색의 감자샐러드가 있다"
WF01_002,21,스테이크샐러드,21,83.0,고기,17,33.19,버섯구이,8,31.62,함께,콘스프,진한 갈색의 고기가 올라간 짙은 초록색의 스테이크샐러드가 접시에 있다
WF01_003,53,모짜렐라치즈,53,73.0,방울토마토,53,73.0,채소,53,73.0,빵과,꽂혀,"접시에 방울토마토, 채소, 짙은 흰색의 모짜렐라치즈가 꼬치에 꽂혀 있다"
WF01_004,52,시저샐러드,28,94.77,수저포크세트,52,72.0,로메인시저샐러드,19,64.31,로메인,베이컨,"접시에 담긴 연두색 로메인상추, 계란이 들어간 시저샐러드가 수저포크세트와 함께 있다"
WF01_005,66,콘샐러드,42,138.73,샐러드,34,112.3,옥수수,66,86.0,식빵,콘듬뿍에그샐러드,"접시에 담긴 옥수수, 피망, 마요네즈가 들어간 진한 노란색의 콘샐러드가 있다"
WF01_006,23,콥샐러드,23,89.0,식빵,19,73.52,파프리카,23,43.0,오이,토마토,"파프리카, 오이, 토마토, 진한 하얀색의 계란, 큐브치즈가 올라간 콥샐러드가  식빵과 있다"
WF01_007,48,식빵,26,88.83,양배추,48,68.0,당근,48,68.0,코울슬로,마요네즈,"접시에 양배추, 당근, 마요네즈가 들어간 진한 하얀색의 코울슬로가 있다"
WF01_008,24,프로슈토에멜로네,24,44.0,프로슈토,24,44.0,메론,24,44.0,분홍색,만들어진,"진한 분홍색의 프로슈토, 메론으로 만들어진 프로슈토에멜로네가 나무 접시에 담겨 있다"
WF01_009,59,단호박샐러드,31,103.51,샐러드,25,83.47,식빵,25,83.47,수저포크세트,단호박,접시에 담긴 진한 노란색의 단호박샐러드가 수저포크세트와 있다
WF01_010,50,치커리,31,105.4,버섯샐러드,30,102.0,버섯,50,70.0,구운버섯단호박샐러드,모닝빵,"접시에 연한 갈색의 버섯, 치커리, 양배추가 들어간 버섯샐러드가 있다"
WF01_011,55,시트러스과일샐러드,31,104.27,과일샐러드,24,80.73,양상추,55,75.0,모닝빵,과일,"접시에 담긴 진한 빨간색의 자몽, 양상추, 파인애플, 방울토마토가 들어간 과일샐러드가 있다"
WF02_001,57,샐러드,33,110.58,머쉬룸스프,57,77.0,담겨,57,77.0,버섯,빵과,보울에 옅은 노란색의 버섯이 들어간 머쉬룸스프가 담겨 있다
WF02_002,67,샐러드,35,115.45,옥수수,67,87.0,콘스프,67,87.0,생크림,버터,"""그릇에 옥수수, 생크림, 버터가 들어간 짙은 노란색의 콘스프가 있다"""
WF02_003,53,샐러드,30,101.32,단호박스프,53,73.0,단호박,53,73.0,우유,후추,"보울에 단호박, 우유, 소금, 후추가 들어간 진한 노란색의 단호박스프가 있다"
WF02_004,20,샐러드,13,52.0,어니언,20,40.0,스프,19,38.0,양파,파슬리,"파슬리를 노란색의 간 양파 위에 뿌린 연한 갈색의 바게트 빵위에 진한 갈색의 어니언 스프가 피클,샐러드,빵과 그릇에 있다"
WF02_005,64,샐러드,19,62.94,소고기,45,59.06,토마토,45,59.06,스튜,감자,"""소고기, 토마토, 감자가 들어간 진한 주황색의 스튜가 나무 보울에 담겨 있다"""
WF02_006,63,샐러드,18,59.71,피클,37,48.75,가정식라따뚜이,36,47.43,다진돼지고기,토마토소스,"그릇에 담긴 빨간색의 토마토, 가지, 주키니가 들어간 진한 자주색의 라따뚜이가 피클, 샐러드, 빵과 있다"
WF03_001,57,스파게티면,43,144.09,크림스파게티,29,97.18,크림소스,53,71.6,만든,담겨,"그릇에 크림소스, 버섯, 스파게티면으로 만든 짙은 흰색의 버섯크림스파게티가 담겨 피클, 할라피뇨, 빵과 있다"
WF03_002,67,페투치니토마토라구파스타,34,112.15,파스타,31,102.25,토마토소스,66,85.7,피클,소고기,"""베이컨, 토마토소스, 파스타면이 들어간 짙은 빨간색의 베이컨토마토스파게티가 그릇에 담겨 있다"""
WF03_003,30,파스타면,30,110.0,베이컨봉골레파스타,25,91.67,오일,30,50.0,연한,조개,"그릇에 담긴 파스타면, 조개, 오일, 마늘이 들어간 연한 노란색의 봉골레알리오올리오가 있다"
WF03_004,60,피클,36,48.0,스파게티,13,43.33,담겨있다,30,40.0,진한노란색,태국고추,그릇에 연한 노란색 면이 빨간색 태국고추와 섞인 진한노란색의 스파게티 알리오올리오가 담겨있다
WF03_005,26,로제스파게티,26,98.0,스파게티면,15,56.54,토마토소스,26,46.0,생크림,파스타,"짙은 하얀색의 파스타, 토마토소스, 생크림이 들어간 로제스파게티가 접시에 담겨 있다"
WF03_006,12,크림소스,12,32.0,빵이,12,32.0,할라피뇨,6,16.0,피클,바질크림소스빠네,"보울에 바질, 크림소스, 빵이 들어간 진한 녹색의 바질크림소스빠네가 있다"
WF03_007,14,파스타면,14,62.0,토마토소스,14,34.0,만들어진,14,34.0,담겨,토마토소스빠네,"그릇에 빵, 토마토소스, 파스타면으로 만들어진 짙은 빨간색의 해산물토마토소스빠네가 담겨 있다"
WF03_008,11,토마토소스,11,31.0,라자냐,11,31.0,소고기,11,31.0,치즈,할라피뇨,"""접시에 치즈, 소고기, 토마토소스가 들어간 진한 하얀색의 라자냐가 있다"""
WF03_009,69,펜네파스타,69,227.0,로제파스타,25,82.25,피클,50,64.49,바게트빵,연한,"그릇에 담긴 연한 노란색의 펜네파스타, 로제소스가 들어간 로제파스타가 있다"
WF04_001,72,크림소스,72,92.0,담겨,72,92.0,바게트빵,24,78.67,샐러드,백색,"그릇에 크림소스, 버섯, 밥이 들어간 옅은 노란색의 버섯크림리조또가 담겨 있다"
WF04_002,52,토마토소스,52,72.0,피클,38,52.62,토마토리조또,34,47.08,양파,만들어져,"그릇에 밥, 양파, 토마토소스가 들어간 짙은 빨간색의 토마토리조또가 있다"
WF04_003,49,샐러드,22,74.98,피클,35,49.29,오징어먹물리조또,25,35.2,한치먹물리조또,한치,"그릇에 담긴 쌀, 오징어먹물소스가 들어간 진한 검정색의 오징어먹물리조또가 있다"
WF04_004,66,만든,66,86.0,밥으,66,86.0,샐러드,24,79.27,담겨,피클,"오븐그릇에 로제소스, 굴, 밥으로 만든 옅은 주황색의 오이스터로제크림리조또가 담겨 있다"
WF04_005,45,담겨,45,65.0,피클,32,46.22,그린샐러드,13,44.78,올라가고,랍스터필라프,"접시에 조개, 오징어, 밥이 들어간 짙은 빨간색의 시푸드필라프가 담겨 있다"
WF04_006,52,샐러드,26,88.0,피클,38,52.62,바게트빵,13,44.0,담겨,갈릭스테이크필라프,"보울에 밥, 당근, 고기가 들어간 옅은 백색의 필라프가 담겨 샐러드, 피클, 바게트빵과 함께 있다"
WF04_007,48,피클,38,53.83,놓여있다,30,42.5,샐러드,12,41.0,닭가슴살빠에야,닭가슴살,밥과 새우 초록색 브로콜리가 볶아진 진한 노란색의 해산물 빠에야가 그릇에 담겨있다
WF05_001,72,담겨,72,92.0,떡볶이치즈그라탕,28,91.78,짜장떡볶이치즈그라탕,26,85.22,올라가고,치즈,"그릇에 떡, 치즈, 고추가루가 들어간 연한 빨간색의 떡볶이치즈그라탕이 담겨 있다"
WF05_002,80,담겨,80,100.0,치즈,78,97.5,순두부미트소스그라탕,26,84.5,단호박미트소스그라탕,만두미트소스그라탕,"접시에 조개, 오징어, 밥이 들어간 짙은 빨간색의 시푸드필라프가 담겨 있다"
WF05_003,74,수저포크세트,74,94.0,가지그라탕,25,81.76,단호박그라탕,24,78.49,감자그라탕,샐러드,"가지, 치즈로 만든 연한 빨간색의 가지그라탕이 그라탕접시에 담겨 수저포크세트와 있다"
WF05_004,82,미트볼로제그라탕,32,103.8,미트볼,82,102.0,치즈,82,102.0,담겨,미트볼크림그라탕,"보울에 미트볼, 치즈, 로제소스가 들어간 짙은 주황색의 미트볼로제그라탕이 담겨 있다"
WF06_001,49,크림소스,49,69.0,계란,49,69.0,감자,49,69.0,피클,만들어져,"타원형 그릇에 크림소스, 감자, 계란으로 만들어진 진한 노란색의 크림뇨끼가 있다"
WF06_002,67,뇨끼,67,87.0,담겨,67,87.0,샐러드,23,75.87,피클,토마토소스,"접시에 뇨끼, 토마토소스가 들어간 짙은 적색의 토마토소스뇨끼가 담겨 있다"
WF06_003,67,피클,49,63.63,샐러드,10,32.99,뇨끼,25,32.46,있고,그린샐러드,"접시위에 초록색의 바질페스토노끼가 담겨있고 피클, 샐러드, 바게트가 있다"
WF06_004,48,뇨끼,48,68.0,담겨,48,68.0,피클,35,49.58,감바스뇨끼,뿌려지고,"접시에 단호박, 뇨끼가 들어간 짙은 노란색의 단호박뇨끼가 담겨 피클, 코울슬로, 바게트와 있다"
WF07_001,76,햄버거빵,62,202.32,감자튀김,52,169.68,고기패티,63,79.58,양상추,케찹,"접시에 햄버거빵, 고기패티, 양상추로 만들어진 짙은 갈색의 햄버거가 있다"
WF07_002,57,햄버거빵,57,191.0,감자튀김,37,123.98,닭고기,57,77.0,담겨,치킨버거,"쟁반에 햄버거빵, 깨, 닭고기가 들어간 짙은 갈색의 치킨버거가 담겨 감자튀김, 케찹, 치킨너겟과 있다"
WF07_003,68,핫도그빵,68,224.0,피클,47,60.82,소불고기핫도그,33,42.71,소고기,간장,"접시에 담긴 핫도그빵, 닭갈비, 파슬리가 들어간 진한 갈색의 닭갈비핫도그가 있다"
WF08_001,25,안심스테이크,25,95.0,샐러드,18,68.4,담겨,25,45.0,아스파라거스,방울토마토,"접시에 짙은 갈색의 잘린 안심스테이크, 방울토마토, 아스파라거스가 담겨 샐러드, 할라피뇨, 빵과 있다"
WF08_002,33,찹스테이크,33,119.0,스테이크,33,119.0,그린샐러드,24,86.55,방울토마토,애호박,"오븐그릇에 짙은 갈색의 스테이크, 방울토마토, 버섯, 애호박, 피망이 들어간 찹스테이크가 담겨 있다"
WF08_003,64,그린샐러드,48,159.0,함박스테이크,45,149.06,브로콜리,64,84.0,미니함박스테이크,모닝빵,"그릇 위에 브로콜리, 양송이 버섯과 함께 진한 갈색의 함박스테이크가 놓여있다"
WF08_004,81,샐러드,36,116.89,담겨,80,99.75,양배추샐러드,26,84.42,빵가루,피클,오븐그릇에 고기와 빵가루를 기름에 튀긴 짙은 갈색의 커틀릿이 담겨 있다
WF08_005,49,등심스테이크,20,68.16,아스파라거스,47,66.18,양파,47,66.18,비프스테이크,샐러드,"""양파, 아스파라거스, 토마토, 허브 고명이 올라간 진한 갈색의 등심스테이크가 접시에 담겨 코울슬로와 있다"""
WF08_006,46,티본스테이크,26,89.3,토마호크스테이크,20,68.7,담겨,46,66.0,방울토마토,미니양배추,구이용판에 짙은 갈색의 티본스테이크가 담겨 있다
WF08_007,46,생선스테이크,46,158.0,담겨,46,66.0,미니양배추,42,60.26,방울토마토,샐러드,접시에 짙은 주황색의 생선스테이크가 담겨 있다
WF08_008,63,양갈비스테이크,33,109.48,양부채살스테이크,26,86.25,담겨,63,83.0,단호박샐러드,샐러드,오븐그릇에 허브가 올라간 짙은 갈색의 양갈비스테이크가 담겨 있다
WF09_001,27,피자,17,63.59,고구마시카고피자,14,52.37,고구마,27,47.0,만들어져,피클,"피자 판에 고구마, 밀가루, 햄으로 만들어져 아몬드 고명이 올라간 연한 노란색의 고구마시카고피자가 있다"
WF09_002,50,치즈,50,70.0,멜팅치즈피자,20,68.0,치즈식빵피자,18,61.2,식빵,샐러드,"피자 판에 치즈, 밀가루가 들어가 만들어진 연한 노란색의 멜팅치즈피자가 있다"
WF09_003,56,샐러드,24,80.57,치즈,56,76.0,불고기,52,70.57,불고기식빵피자,불고기파인애플피자,"피자 받침대에 도우, 불고기, 치즈가 들어간 연한 갈색의 불고기피자가 있다"
WF09_004,66,페퍼로니,66,86.0,치즈,66,86.0,담겨,66,86.0,페퍼로니피자,페퍼로니양송이식빵피자,"피자받침대에 짙은 주황색의 페퍼로니, 치즈, 토마토소스가 들어간 페퍼로니피자가 담겨 있다"
WF09_005,65,샐러드,33,109.15,담겨,65,85.0,포테이토딥디쉬피자,22,72.77,치즈,감자,"피자그릇에 도우, 감자, 치즈가 들어간 옅은 노란색의 포테이토딥디쉬피자가 담겨 있다"
WF09_006,52,샐러드,22,74.46,담겨,52,72.0,고르곤졸라식빵피자,18,60.92,고르곤졸라피자,식빵,"피자받침대에 모짜렐라치즈, 마늘, 꿀이 들어간 옅은 노란색의 고르곤졸라피자가 담겨 있다"
WF09_007,36,또띠아피자,18,64.0,루꼴라식빵피자,17,60.44,샐러드,16,56.89,루꼴라,피클,초록색 루꼴라와 빨간색 토마토가 올라간 옅은 갈색의 루꼴라 또띠아피자가 원형나무접시위에 놓여있다
WF09_008,64,식빵,32,106.0,담겨,64,84.0,샐러드,24,79.5,하와이안또띠아피자,하와이안식빵피자,"피자받침대에 또띠아, 파인애플, 햄, 토마토소스가 올라간 짙은 노란색의 하와이안또띠아피자가 담겨 있다"
WF09_009,54,샐러드,24,80.89,밀가루,54,74.0,연한,54,74.0,토마토소스,피자,"피자 받침대에 담긴 토마토소스, 밀가루, 치즈가 들어간 연한 빨간색의 마르게리따가 있다"
