severity,food_name,issue,detail
REVIEW,쌀밥,주재료가 너무 일반적,쌀
REVIEW,돌솥밥,주재료가 너무 일반적,쌀
REVIEW,주먹밥,주재료가 너무 일반적,쌀
REVIEW,볶음밥,주재료가 너무 일반적,쌀
REVIEW,일반비빔밥,주재료가 너무 일반적,쌀
REVIEW,전주비빔밥,주재료가 너무 일반적,쌀
REVIEW,삼선볶음밥,주재료가 너무 일반적,해산물|쌀
REVIEW,알밥,주재료가 너무 일반적,생선알|쌀
REVIEW,해물볶음밥,주재료가 너무 일반적,해산물|쌀
REVIEW,잡탕밥,주재료가 너무 일반적,쌀
REVIEW,짬뽕밥,주재료가 너무 일반적,해산물|쌀
REVIEW,해물덮밥,주재료가 너무 일반적,해산물|쌀
REVIEW,회덮밥,주재료가 너무 일반적,생선회|쌀
REVIEW,샐러드김밥,주재료가 너무 일반적,채소|쌀
REVIEW,일반김밥,주재료가 너무 일반적,쌀
REVIEW,라면,주재료가 너무 일반적,면
REVIEW,물냉면,주재료가 너무 일반적,면
REVIEW,비빔국수,주재료가 너무 일반적,면
REVIEW,비빔냉면,주재료가 너무 일반적,면
REVIEW,삼선우동,주재료가 너무 일반적,해산물|면
REVIEW,삼선짬뽕,주재료가 너무 일반적,면|해산물
REVIEW,쌀국수,주재료가 너무 일반적,면
REVIEW,일식우동,주재료가 너무 일반적,면
REVIEW,볶음우동,주재료가 너무 일반적,면
REVIEW,잔치국수,주재료가 너무 일반적,면
REVIEW,짬뽕,주재료가 너무 일반적,면|해산물
REVIEW,짬뽕라면,주재료가 너무 일반적,면
REVIEW,쫄면,주재료가 너무 일반적,면
REVIEW,해물칼국수,주재료가 너무 일반적,해산물|면
REVIEW,회냉면,주재료가 너무 일반적,면|생선회
REVIEW,어죽,주재료가 너무 일반적,생선|쌀
REVIEW,채소죽,주재료가 너무 일반적,채소|쌀
REVIEW,매운탕,주재료가 너무 일반적,생선
REVIEW,내장탕,주재료가 너무 일반적,내장
REVIEW,지리탕,주재료가 너무 일반적,생선
REVIEW,알탕,주재료가 너무 일반적,생선알
REVIEW,해물탕,주재료가 너무 일반적,해산물
REVIEW,국수전골,주재료가 너무 일반적,면
REVIEW,해물찜,주재료가 너무 일반적,해산물
REVIEW,떡갈비,주재료가 너무 일반적,다진고기
REVIEW,햄버거스테이크,주재료가 너무 일반적,다진고기
REVIEW,동그랑땡,주재료가 너무 일반적,다진고기
REVIEW,야채전,주재료가 너무 일반적,채소
REVIEW,해물볶음,주재료가 너무 일반적,해산물
REVIEW,생선가스,주재료가 너무 일반적,생선
REVIEW,채소튀김,주재료가 너무 일반적,채소
REVIEW,회무침,주재료가 너무 일반적,생선회
REVIEW,생선물회,주재료가 너무 일반적,생선
REVIEW,가래떡,주재료가 너무 일반적,쌀
REVIEW,꿀떡,주재료가 너무 일반적,쌀
REVIEW,시루떡,주재료가 너무 일반적,쌀
REVIEW,무지개떡,주재료가 너무 일반적,쌀
REVIEW,백설기,주재료가 너무 일반적,쌀
REVIEW,송편,주재료가 너무 일반적,쌀
REVIEW,절편,주재료가 너무 일반적,쌀
REVIEW,증편,주재료가 너무 일반적,쌀
