name,cuisine_type,food_type,main_ingredients,sub_ingredients,seasonings,taste_tags,cooking_methods,staple_types,aliases,description,source,source_code
쌀밥,,,,,,,,,,,AIHub-74,
기타잡곡밥,,,,,,,,,,,AIHub-74,
콩밥,,,,,,,,,,,AIHub-74,
보리밥,,,,,,,,,,,AIHub-74,
돌솥밥,,,,,,,,,,,AIHub-74,
현미밥,,,,,,,,,,,AIHub-74,
흑미밥,,,,,,,,,,,AIHub-74,
감자밥,,,,,,,,,,,AIHub-74,
곤드레밥,,,,,,,,,,,AIHub-74,
김치볶음밥,,,,,,,,,,,AIHub-74,
주먹밥,,,,,,,,,,,AIHub-74,
볶음밥,,,,,,,,,,,AIHub-74,
일반비빔밥,,,,,,,,,,,AIHub-74,
전주비빔밥,,,,,,,,,,,AIHub-74,
삼선볶음밥,,,,,,,,,,,AIHub-74,
새우볶음밥,,,,,,,,,,,AIHub-74,
알밥,,,,,,,,,,,AIHub-74,
산채비빔밥,,,,,,,,,,,AIHub-74,
오므라이스,,,,,,,,,,,AIHub-74,
육회비빔밥,,,,,,,,,,,AIHub-74,
해물볶음밥,,,,,,,,,,,AIHub-74,
열무비빔밥,,,,,,,,,,,AIHub-74,
불고기덮밥,,,,,,,,,,,AIHub-74,
소고기국밥,,,,,,,,,,,AIHub-74,
송이덮밥,,,,,,,,,,,AIHub-74,
오징어덮밥,,,,,,,,,,,AIHub-74,
자장밥,,,,,,,,,,,AIHub-74,
잡채밥,,,,,,,,,,,AIHub-74,
잡탕밥,,,,,,,,,,,AIHub-74,
장어덮밥,,,,,,,,,,,AIHub-74,
제육덮밥,,,,,,,,,,,AIHub-74,
짬뽕밥,,,,,,,,,,,AIHub-74,
순대국밥,,,,,,,,,,,AIHub-74,
카레라이스,,,,,,,,,,,AIHub-74,
전주콩나물국밥,,,,,,,,,,,AIHub-74,
해물덮밥,,,,,,,,,,,AIHub-74,
회덮밥,,,,,,,,,,,AIHub-74,
소머리국밥,,,,,,,,,,,AIHub-74,
돼지국밥,,,,,,,,,,,AIHub-74,
하이라이스,,,,,,,,,,,AIHub-74,
김치김밥,,,,,,,,,,,AIHub-74,
농어초밥,,,,,,,,,,,AIHub-74,
문어초밥,,,,,,,,,,,AIHub-74,
새우초밥,,,,,,,,,,,AIHub-74,
새우튀김롤,,,,,,,,,,,AIHub-74,
샐러드김밥,,,,,,,,,,,AIHub-74,
광어초밥,,,,,,,,,,,AIHub-74,
소고기김밥,,,,,,,,,,,AIHub-74,
갈비삼각김밥,,,,,,,,,,,AIHub-74,
연어롤,,,,,,,,,,,AIHub-74,
연어초밥,,,,,,,,,,,AIHub-74,
유부초밥,,,,,,,,,,,AIHub-74,
장어초밥,,,,,,,,,,,AIHub-74,
참치김밥,,,,,,,,,,,AIHub-74,
참치마요삼각김밥,,,,,,,,,,,AIHub-74,
치즈김밥,,,,,,,,,,,AIHub-74,
캘리포니아롤,,,,,,,,,,,AIHub-74,
한치초밥,,,,,,,,,,,AIHub-74,
일반김밥,,,,,,,,,,,AIHub-74,
간자장,,,,,,,,,,,AIHub-74,
굴짬뽕,,,,,,,,,,,AIHub-74,
기스면,,,,,,,,,,,AIHub-74,
김치라면,,,,,,,,,,,AIHub-74,
김치우동,,,,,,,,,,,AIHub-74,
김치말이국수,,,,,,,,,,,AIHub-74,
닭칼국수,,,,,,,,,,,AIHub-74,
들깨칼국수,,,,,,,,,,,AIHub-74,
떡라면,,,,,,,,,,,AIHub-74,
라면,,,,,,,,,,,AIHub-74,
막국수,,,,,,,,,,,AIHub-74,
메밀국수,,,,,,,,,,,AIHub-74,
물냉면,,,,,,,,,,,AIHub-74,
비빔국수,,,,,,,,,,,AIHub-74,
비빔냉면,,,,,,,,,,,AIHub-74,
삼선우동,,,,,,,,,,,AIHub-74,
삼선자장면,,,,,,,,,,,AIHub-74,
삼선짬뽕,,,,,,,,,,,AIHub-74,
수제비,,,,,,,,,,,AIHub-74,
쌀국수,,,,,,,,,,,AIHub-74,
열무김치국수,,,,,,,,,,,AIHub-74,
오일소스스파게티,,,,,,,,,,,AIHub-74,
일식우동,,,,,,,,,,,AIHub-74,
볶음우동,,,,,,,,,,,AIHub-74,
자장면,,,,,,,,,,,AIHub-74,
잔치국수,,,,,,,,,,,AIHub-74,
짬뽕,,,,,,,,,,,AIHub-74,
짬뽕라면,,,,,,,,,,,AIHub-74,
쫄면,,,,,,,,,,,AIHub-74,
치즈라면,,,,,,,,,,,AIHub-74,
콩국수,,,,,,,,,,,AIHub-74,
크림소스스파게티,,,,,,,,,,,AIHub-74,
토마토소스스파게티,,,,,,,,,,,AIHub-74,
해물칼국수,,,,,,,,,,,AIHub-74,
회냉면,,,,,,,,,,,AIHub-74,
떡국,,,,,,,,,,,AIHub-74,
떡만둣국,,,,,,,,,,,AIHub-74,
짜장라면,,,,,,,,,,,AIHub-74,
고기만두,,,,,,,,,,,AIHub-74,
군만두,,,,,,,,,,,AIHub-74,
김치만두,,,,,,,,,,,AIHub-74,
물만두,,,,,,,,,,,AIHub-74,
만둣국,,,,,,,,,,,AIHub-74,
게살죽,,,,,,,,,,,AIHub-74,
깨죽,,,,,,,,,,,AIHub-74,
닭죽,,,,,,,,,,,AIHub-74,
소고기버섯죽,,,,,,,,,,,AIHub-74,
어죽,,,,,,,,,,,AIHub-74,
잣죽,,,,,,,,,,,AIHub-74,
전복죽,,,,,,,,,,,AIHub-74,
참치죽,,,,,,,,,,,AIHub-74,
채소죽,,,,,,,,,,,AIHub-74,
팥죽,,,,,,,,,,,AIHub-74,
호박죽,,,,,,,,,,,AIHub-74,
콘스프,,,,,,,,,,,AIHub-74,
토마토스프,,,,,,,,,,,AIHub-74,
굴국,,,,,,,,,,,AIHub-74,
김치국,,,,,,,,,,,AIHub-74,
달걀국,,,,,,,,,,,AIHub-74,
감자국,,,,,,,,,,,AIHub-74,
미역국,,,,,,,,,,,AIHub-74,
바지락조개국,,,,,,,,,,,AIHub-74,
소고기무국,,,,,,,,,,,AIHub-74,
소고기미역국,,,,,,,,,,,AIHub-74,
순대국,,,,,,,,,,,AIHub-74,
어묵국,,,,,,,,,,,AIHub-74,
오징어국,,,,,,,,,,,AIHub-74,
토란국,,,,,,,,,,,AIHub-74,
탕국,,,,,,,,,,,AIHub-74,
홍합미역국,,,,,,,,,,,AIHub-74,
황태해장국,,,,,,,,,,,AIHub-74,
근대된장국,,,,,,,,,,,AIHub-74,
미소된장국,,,,,,,,,,,AIHub-74,
배추된장국,,,,,,,,,,,AIHub-74,
뼈다귀해장국,,,,,,,,,,,AIHub-74,
선지(해장)국,,,,,,,,,,,AIHub-74,
콩나물국,,,,,,,,,,,AIHub-74,
시금치된장국,,,,,,,,,,,AIHub-74,
시래기된장국,,,,,,,,,,,AIHub-74,
쑥된장국,,,,,,,,,,,AIHub-74,
아욱된장국,,,,,,,,,,,AIHub-74,
우거지된장국,,,,,,,,,,,AIHub-74,
우거지해장국,,,,,,,,,,,AIHub-74,
우렁된장국,,,,,,,,,,,AIHub-74,
갈비탕,,,,,,,,,,,AIHub-74,
감자탕,,,,,,,,,,,AIHub-74,
곰탕,,,,,,,,,,,AIHub-74,
매운탕,,,,,,,,,,,AIHub-74,
꼬리곰탕,,,,,,,,,,,AIHub-74,
꽃게탕,,,,,,,,,,,AIHub-74,
낙지탕,,,,,,,,,,,AIHub-74,
내장탕,,,,,,,,,,,AIHub-74,
닭곰탕,,,,,,,,,,,AIHub-74,
닭볶음탕,,,,,,,,,,,AIHub-74,
지리탕,,,,,,,,,,,AIHub-74,
도가니탕,,,,,,,,,,,AIHub-74,
삼계탕,,,,,,,,,,,AIHub-74,
설렁탕,,,,,,,,,,,AIHub-74,
알탕,,,,,,,,,,,AIHub-74,
연포탕,,,,,,,,,,,AIHub-74,
오리탕,,,,,,,,,,,AIHub-74,
추어탕,,,,,,,,,,,AIHub-74,
해물탕,,,,,,,,,,,AIHub-74,
닭개장,,,,,,,,,,,AIHub-74,
육개장,,,,,,,,,,,AIHub-74,
뼈해장국,,,,,,,,,,,AIHub-74,
미역오이냉국,,,,,,,,,,,AIHub-74,
고등어찌개,,,,,,,,,,,AIHub-74,
꽁치찌개,,,,,,,,,,,AIHub-74,
동태찌개,,,,,,,,,,,AIHub-74,
부대찌개,,,,,,,,,,,AIHub-74,
된장찌개,,,,,,,,,,,AIHub-74,
청국장찌개,,,,,,,,,,,AIHub-74,
두부전골,,,,,,,,,,,AIHub-74,
곱창전골,,,,,,,,,,,AIHub-74,
소고기전골,,,,,,,,,,,AIHub-74,
국수전골,,,,,,,,,,,AIHub-74,
돼지고기김치찌개,,,,,,,,,,,AIHub-74,
버섯찌개,,,,,,,,,,,AIHub-74,
참치김치찌개,,,,,,,,,,,AIHub-74,
순두부찌개,,,,,,,,,,,AIHub-74,
콩비지찌개,,,,,,,,,,,AIHub-74,
햄김치찌개,,,,,,,,,,,AIHub-74,
호박찌개,,,,,,,,,,,AIHub-74,
고추장찌개,,,,,,,,,,,AIHub-74,
대구찜,,,,,,,,,,,AIHub-74,
도미찜,,,,,,,,,,,AIHub-74,
문어숙회,,,,,,,,,,,AIHub-74,
아귀찜,,,,,,,,,,,AIHub-74,
조기찜,,,,,,,,,,,AIHub-74,
참꼬막,,,,,,,,,,,AIHub-74,
해물찜,,,,,,,,,,,AIHub-74,
소갈비찜,,,,,,,,,,,AIHub-74,
돼지갈비찜,,,,,,,,,,,AIHub-74,
돼지고기수육,,,,,,,,,,,AIHub-74,
찜닭,,,,,,,,,,,AIHub-74,
족발,,,,,,,,,,,AIHub-74,
달걀찜,,,,,,,,,,,AIHub-74,
닭갈비,,,,,,,,,,,AIHub-74,
닭꼬치,,,,,,,,,,,AIHub-74,
돼지갈비,,,,,,,,,,,AIHub-74,
떡갈비,,,,,,,,,,,AIHub-74,
불고기,,,,,,,,,,,AIHub-74,
소곱창구이,,,,,,,,,,,AIHub-74,
소양념갈비구이,,,,,,,,,,,AIHub-74,
소불고기,,,,,,,,,,,AIHub-74,
양념왕갈비,,,,,,,,,,,AIHub-74,
햄버거스테이크,,,,,,,,,,,AIHub-74,
훈제오리,,,,,,,,,,,AIHub-74,
치킨데리야끼,,,,,,,,,,,AIHub-74,
치킨윙,,,,,,,,,,,AIHub-74,
더덕구이,,,,,,,,,,,AIHub-74,
양배추구이,,,,,,,,,,,AIHub-74,
두부구이,,,,,,,,,,,AIHub-74,
삼치구이,,,,,,,,,,,AIHub-74,
가자미전,,,,,,,,,,,AIHub-74,
굴전,,,,,,,,,,,AIHub-74,
동태전,,,,,,,,,,,AIHub-74,
해물파전,,,,,,,,,,,AIHub-74,
동그랑땡,,,,,,,,,,,AIHub-74,
햄부침,,,,,,,,,,,AIHub-74,
육전,,,,,,,,,,,AIHub-74,
감자전,,,,,,,,,,,AIHub-74,
고추전,,,,,,,,,,,AIHub-74,
김치전,,,,,,,,,,,AIHub-74,
깻잎전,,,,,,,,,,,AIHub-74,
녹두빈대떡,,,,,,,,,,,AIHub-74,
미나리전,,,,,,,,,,,AIHub-74,
배추전,,,,,,,,,,,AIHub-74,
버섯전,,,,,,,,,,,AIHub-74,
부추전,,,,,,,,,,,AIHub-74,
야채전,,,,,,,,,,,AIHub-74,
파전,,,,,,,,,,,AIHub-74,
호박부침개,,,,,,,,,,,AIHub-74,
호박전,,,,,,,,,,,AIHub-74,
달걀말이,,,,,,,,,,,AIHub-74,
두부부침,,,,,,,,,,,AIHub-74,
두부전,,,,,,,,,,,AIHub-74,
건새우볶음,,,,,,,,,,,AIHub-74,
낙지볶음,,,,,,,,,,,AIHub-74,
멸치볶음,,,,,,,,,,,AIHub-74,
어묵볶음,,,,,,,,,,,AIHub-74,
오징어볶음,,,,,,,,,,,AIHub-74,
오징어채볶음,,,,,,,,,,,AIHub-74,
주꾸미볶음,,,,,,,,,,,AIHub-74,
해물볶음,,,,,,,,,,,AIHub-74,
감자볶음,,,,,,,,,,,AIHub-74,
김치볶음,,,,,,,,,,,AIHub-74,
깻잎나물볶음,,,,,,,,,,,AIHub-74,
느타리버섯볶음,,,,,,,,,,,AIHub-74,
두부김치,,,,,,,,,,,AIHub-74,
머위나물볶음,,,,,,,,,,,AIHub-74,
양송이버섯볶음,,,,,,,,,,,AIHub-74,
표고버섯볶음,,,,,,,,,,,AIHub-74,
고추잡채,,,,,,,,,,,AIHub-74,
호박볶음,,,,,,,,,,,AIHub-74,
돼지고기볶음,,,,,,,,,,,AIHub-74,
돼지껍데기볶음,,,,,,,,,,,AIHub-74,
소세지볶음,,,,,,,,,,,AIHub-74,
순대볶음,,,,,,,,,,,AIHub-74,
오리불고기,,,,,,,,,,,AIHub-74,
오삼불고기,,,,,,,,,,,AIHub-74,
떡볶이,,,,,,,,,,,AIHub-74,
라볶이,,,,,,,,,,,AIHub-74,
마파두부,,,,,,,,,,,AIHub-74,
가자미조림,,,,,,,,,,,AIHub-74,
갈치조림,,,,,,,,,,,AIHub-74,
고등어조림,,,,,,,,,,,AIHub-74,
꽁치조림,,,,,,,,,,,AIHub-74,
동태조림,,,,,,,,,,,AIHub-74,
북어조림,,,,,,,,,,,AIHub-74,
조기조림,,,,,,,,,,,AIHub-74,
코다리조림,,,,,,,,,,,AIHub-74,
달걀장조림,,,,,,,,,,,AIHub-74,
메추리알장조림,,,,,,,,,,,AIHub-74,
돼지고기메추리알장조림,,,,,,,,,,,AIHub-74,
소고기메추리알장조림,,,,,,,,,,,AIHub-74,
고추조림,,,,,,,,,,,AIHub-74,
감자조림,,,,,,,,,,,AIHub-74,
우엉조림,,,,,,,,,,,AIHub-74,
알감자조림,,,,,,,,,,,AIHub-74,
(검은)콩조림,,,,,,,,,,,AIHub-74,
콩조림,,,,,,,,,,,AIHub-74,
두부고추장조림,,,,,,,,,,,AIHub-74,
땅콩조림,,,,,,,,,,,AIHub-74,
미꾸라지튀김,,,,,,,,,,,AIHub-74,
새우튀김,,,,,,,,,,,AIHub-74,
생선가스,,,,,,,,,,,AIHub-74,
쥐포튀김,,,,,,,,,,,AIHub-74,
오징어튀김,,,,,,,,,,,AIHub-74,
닭강정,,,,,,,,,,,AIHub-74,
닭튀김,,,,,,,,,,,AIHub-74,
돈가스,,,,,,,,,,,AIHub-74,
모래집튀김,,,,,,,,,,,AIHub-74,
양념치킨,,,,,,,,,,,AIHub-74,
치즈돈가스,,,,,,,,,,,AIHub-74,
치킨가스,,,,,,,,,,,AIHub-74,
탕수육,,,,,,,,,,,AIHub-74,
깐풍기,,,,,,,,,,,AIHub-74,
감자튀김,,,,,,,,,,,AIHub-74,
고구마맛탕,,,,,,,,,,,AIHub-74,
고구마튀김,,,,,,,,,,,AIHub-74,
고추튀김,,,,,,,,,,,AIHub-74,
김말이튀김,,,,,,,,,,,AIHub-74,
채소튀김,,,,,,,,,,,AIHub-74,
노각무침,,,,,,,,,,,AIHub-74,
단무지무침,,,,,,,,,,,AIHub-74,
달래나물무침,,,,,,,,,,,AIHub-74,
더덕무침,,,,,,,,,,,AIHub-74,
도라지생채,,,,,,,,,,,AIHub-74,
도토리묵,,,,,,,,,,,AIHub-74,
마늘쫑무침,,,,,,,,,,,AIHub-74,
무생채,,,,,,,,,,,AIHub-74,
무말랭이,,,,,,,,,,,AIHub-74,
오이생채,,,,,,,,,,,AIHub-74,
파무침,,,,,,,,,,,AIHub-74,
상추겉절이,,,,,,,,,,,AIHub-74,
쑥갓나물무침,,,,,,,,,,,AIHub-74,
청포묵무침,,,,,,,,,,,AIHub-74,
해파리냉채,,,,,,,,,,,AIHub-74,
가지나물,,,,,,,,,,,AIHub-74,
고사리나물,,,,,,,,,,,AIHub-74,
도라지나물,,,,,,,,,,,AIHub-74,
무나물,,,,,,,,,,,AIHub-74,
미나리나물,,,,,,,,,,,AIHub-74,
숙주나물,,,,,,,,,,,AIHub-74,
시금치나물,,,,,,,,,,,AIHub-74,
취나물,,,,,,,,,,,AIHub-74,
콩나물,,,,,,,,,,,AIHub-74,
고구마줄기나물,,,,,,,,,,,AIHub-74,
우거지나물무침,,,,,,,,,,,AIHub-74,
골뱅이무침,,,,,,,,,,,AIHub-74,
김무침,,,,,,,,,,,AIHub-74,
미역초무침,,,,,,,,,,,AIHub-74,
북어채무침,,,,,,,,,,,AIHub-74,
회무침,,,,,,,,,,,AIHub-74,
쥐치채,,,,,,,,,,,AIHub-74,
파래무침,,,,,,,,,,,AIHub-74,
홍어무침,,,,,,,,,,,AIHub-74,
골뱅이국수무침,,,,,,,,,,,AIHub-74,
오징어무침,,,,,,,,,,,AIHub-74,
잡채,,,,,,,,,,,AIHub-74,
탕평채,,,,,,,,,,,AIHub-74,
갓김치,,,,,,,,,,,AIHub-74,
고들빼기,,,,,,,,,,,AIHub-74,
깍두기,,,,,,,,,,,AIHub-74,
깻잎김치,,,,,,,,,,,AIHub-74,
나박김치,,,,,,,,,,,AIHub-74,
동치미,,,,,,,,,,,AIHub-74,
배추겉절이,,,,,,,,,,,AIHub-74,
배추김치,,,,,,,,,,,AIHub-74,
백김치,,,,,,,,,,,AIHub-74,
부추김치,,,,,,,,,,,AIHub-74,
열무김치,,,,,,,,,,,AIHub-74,
열무얼갈이김치,,,,,,,,,,,AIHub-74,
오이소박이,,,,,,,,,,,AIHub-74,
총각김치,,,,,,,,,,,AIHub-74,
파김치,,,,,,,,,,,AIHub-74,
간장게장,,,,,,,,,,,AIHub-74,
마늘쫑장아찌,,,,,,,,,,,AIHub-74,
고추장아찌,,,,,,,,,,,AIHub-74,
깻잎장아찌,,,,,,,,,,,AIHub-74,
마늘장아찌,,,,,,,,,,,AIHub-74,
무장아찌,,,,,,,,,,,AIHub-74,
양념게장,,,,,,,,,,,AIHub-74,
양파장아찌,,,,,,,,,,,AIHub-74,
오이지,,,,,,,,,,,AIHub-74,
무피클,,,,,,,,,,,AIHub-74,
오이피클,,,,,,,,,,,AIHub-74,
단무지,,,,,,,,,,,AIHub-74,
오징어젓갈,,,,,,,,,,,AIHub-74,
명란젓,,,,,,,,,,,AIHub-74,
생연어,,,,,,,,,,,AIHub-74,
생선물회,,,,,,,,,,,AIHub-74,
광어회,,,,,,,,,,,AIHub-74,
훈제연어,,,,,,,,,,,AIHub-74,
육회,,,,,,,,,,,AIHub-74,
육사시미,,,,,,,,,,,AIHub-74,
가래떡,,,,,,,,,,,AIHub-74,
경단,,,,,,,,,,,AIHub-74,
꿀떡,,,,,,,,,,,AIHub-74,
시루떡,,,,,,,,,,,AIHub-74,
메밀전병,,,,,,,,,,,AIHub-74,
찰떡,,,,,,,,,,,AIHub-74,
무지개떡,,,,,,,,,,,AIHub-74,
백설기,,,,,,,,,,,AIHub-74,
송편,,,,,,,,,,,AIHub-74,
수수부꾸미,,,,,,,,,,,AIHub-74,
수수팥떡,,,,,,,,,,,AIHub-74,
쑥떡,,,,,,,,,,,AIHub-74,
약식,,,,,,,,,,,AIHub-74,
인절미,,,,,,,,,,,AIHub-74,
절편,,,,,,,,,,,AIHub-74,
증편,,,,,,,,,,,AIHub-74,
찹쌀떡,,,,,,,,,,,AIHub-74,
매작과,,,,,,,,,,,AIHub-74,
다식,,,,,,,,,,,AIHub-74,
약과,,,,,,,,,,,AIHub-74,
유과,,,,,,,,,,,AIHub-74,
산자,,,,,,,,,,,AIHub-74,
깨강정,,,,,,,,,,,AIHub-74,
