name,cuisine_type,food_type,main_ingredients,sub_ingredients,seasonings,taste_tags,cooking_methods,staple_types,aliases,description,source,source_code,enrichment_status
쌀밥,한식,밥,쌀,,,,짓기,밥,,"쌀밥 / 주요 재료: 쌀 / 조리법: 짓기 / 분류: 한식, 밥",AIHub-74,,auto
기타잡곡밥,한식,밥,잡곡|쌀,,,,짓기,밥,,"기타잡곡밥 / 주요 재료: 잡곡, 쌀 / 조리법: 짓기 / 분류: 한식, 밥",AIHub-74,,auto
콩밥,한식,밥,콩|쌀,,,,짓기,밥,,"콩밥 / 주요 재료: 콩, 쌀 / 조리법: 짓기 / 분류: 한식, 밥",AIHub-74,,auto
보리밥,한식,밥,보리|쌀,,,,짓기,밥,,"보리밥 / 주요 재료: 보리, 쌀 / 조리법: 짓기 / 분류: 한식, 밥",AIHub-74,,auto
돌솥밥,한식,밥,쌀,,,,짓기,밥,,"돌솥밥 / 주요 재료: 쌀 / 조리법: 짓기 / 분류: 한식, 밥",AIHub-74,,auto
현미밥,한식,밥,현미|쌀,,,,짓기,밥,,"현미밥 / 주요 재료: 현미, 쌀 / 조리법: 짓기 / 분류: 한식, 밥",AIHub-74,,auto
흑미밥,한식,밥,흑미|쌀,,,,짓기,밥,,"흑미밥 / 주요 재료: 흑미, 쌀 / 조리법: 짓기 / 분류: 한식, 밥",AIHub-74,,auto
감자밥,한식,밥,감자|쌀,,,,짓기,밥,,"감자밥 / 주요 재료: 감자, 쌀 / 조리법: 짓기 / 분류: 한식, 밥",AIHub-74,,auto
곤드레밥,한식,밥,곤드레|쌀,,,,짓기,밥,,"곤드레밥 / 주요 재료: 곤드레, 쌀 / 조리법: 짓기 / 분류: 한식, 밥",AIHub-74,,auto
김치볶음밥,한식,볶음밥,김치|쌀,,,,볶음|짓기,밥,,"김치볶음밥 / 주요 재료: 김치, 쌀 / 조리법: 볶음, 짓기 / 분류: 한식, 볶음밥",AIHub-74,,auto
주먹밥,한식,밥,쌀,,,,짓기,밥,,"주먹밥 / 주요 재료: 쌀 / 조리법: 짓기 / 분류: 한식, 밥",AIHub-74,,auto
볶음밥,한식,볶음밥,쌀,,,,볶음|짓기,밥,,"볶음밥 / 주요 재료: 쌀 / 조리법: 볶음, 짓기 / 분류: 한식, 볶음밥",AIHub-74,,auto
일반비빔밥,한식,비빔밥,쌀,,,,비빔|짓기,밥,,"일반비빔밥 / 주요 재료: 쌀 / 조리법: 비빔, 짓기 / 분류: 한식, 비빔밥",AIHub-74,,auto
전주비빔밥,한식,비빔밥,쌀,,,,부침|비빔|짓기,밥,,"전주비빔밥 / 주요 재료: 쌀 / 조리법: 부침, 비빔, 짓기 / 분류: 한식, 비빔밥",AIHub-74,,auto
삼선볶음밥,한식,볶음밥,해산물|쌀,,,,볶음|짓기,밥,,"삼선볶음밥 / 주요 재료: 해산물, 쌀 / 조리법: 볶음, 짓기 / 분류: 한식, 볶음밥",AIHub-74,,auto
새우볶음밥,한식,볶음밥,새우|쌀,,,,볶음|짓기,밥,,"새우볶음밥 / 주요 재료: 새우, 쌀 / 조리법: 볶음, 짓기 / 분류: 한식, 볶음밥",AIHub-74,,auto
알밥,한식,밥,생선알|쌀,,,,짓기,밥,,"알밥 / 주요 재료: 생선알, 쌀 / 조리법: 짓기 / 분류: 한식, 밥",AIHub-74,,auto
산채비빔밥,한식,비빔밥,산채|쌀,,,,비빔|짓기,밥,,"산채비빔밥 / 주요 재료: 산채, 쌀 / 조리법: 비빔, 짓기 / 분류: 한식, 비빔밥",AIHub-74,,auto
오므라이스,일식,밥요리,쌀|달걀,,,,볶음,밥,,"오므라이스 / 주요 재료: 쌀, 달걀 / 조리법: 볶음 / 분류: 일식, 밥요리",AIHub-74,,auto
육회비빔밥,한식,비빔밥,소고기|쌀,,,,비빔|짓기,밥,,"육회비빔밥 / 주요 재료: 소고기, 쌀 / 조리법: 비빔, 짓기 / 분류: 한식, 비빔밥",AIHub-74,,auto
해물볶음밥,한식,볶음밥,해산물|쌀,,,,볶음|짓기,밥,,"해물볶음밥 / 주요 재료: 해산물, 쌀 / 조리법: 볶음, 짓기 / 분류: 한식, 볶음밥",AIHub-74,,auto
열무비빔밥,한식,비빔밥,열무|쌀,,,,비빔|짓기,밥,,"열무비빔밥 / 주요 재료: 열무, 쌀 / 조리법: 비빔, 짓기 / 분류: 한식, 비빔밥",AIHub-74,,auto
불고기덮밥,한식,덮밥,소고기|쌀,,,,짓기,밥,,"불고기덮밥 / 주요 재료: 소고기, 쌀 / 조리법: 짓기 / 분류: 한식, 덮밥",AIHub-74,,auto
소고기국밥,한식,국밥,소고기|쌀,,,,끓임|짓기,밥,,"소고기국밥 / 주요 재료: 소고기, 쌀 / 조리법: 끓임, 짓기 / 분류: 한식, 국밥",AIHub-74,,auto
송이덮밥,한식,덮밥,버섯|쌀,,,,짓기,밥,,"송이덮밥 / 주요 재료: 버섯, 쌀 / 조리법: 짓기 / 분류: 한식, 덮밥",AIHub-74,,auto
오징어덮밥,한식,덮밥,오징어|쌀,,,,짓기,밥,,"오징어덮밥 / 주요 재료: 오징어, 쌀 / 조리법: 짓기 / 분류: 한식, 덮밥",AIHub-74,,auto
자장밥,중식,밥,춘장|쌀,,,,짓기,밥,,"자장밥 / 주요 재료: 춘장, 쌀 / 조리법: 짓기 / 분류: 중식, 밥",AIHub-74,,auto
잡채밥,한식,밥,당면|쌀,,,,짓기,밥,,"잡채밥 / 주요 재료: 당면, 쌀 / 조리법: 짓기 / 분류: 한식, 밥",AIHub-74,,auto
잡탕밥,한식,밥,쌀,,,,끓임|짓기,밥,,"잡탕밥 / 주요 재료: 쌀 / 조리법: 끓임, 짓기 / 분류: 한식, 밥",AIHub-74,,auto
장어덮밥,한식,덮밥,장어|쌀,,,,짓기,밥,,"장어덮밥 / 주요 재료: 장어, 쌀 / 조리법: 짓기 / 분류: 한식, 덮밥",AIHub-74,,auto
제육덮밥,한식,덮밥,돼지고기|쌀,,,매콤,짓기,밥,,"제육덮밥 / 주요 재료: 돼지고기, 쌀 / 조리법: 짓기 / 분류: 한식, 덮밥",AIHub-74,,auto
짬뽕밥,중식,밥,해산물|쌀,,,매콤,짓기,밥,,"짬뽕밥 / 주요 재료: 해산물, 쌀 / 조리법: 짓기 / 분류: 중식, 밥",AIHub-74,,auto
순대국밥,한식,국밥,순대|쌀,,,,끓임|짓기,밥,,"순대국밥 / 주요 재료: 순대, 쌀 / 조리법: 끓임, 짓기 / 분류: 한식, 국밥",AIHub-74,,auto
카레라이스,,덮밥,쌀|카레,,,,끓임,밥,,"카레라이스 / 주요 재료: 쌀, 카레 / 조리법: 끓임 / 분류: 덮밥",AIHub-74,,auto
전주콩나물국밥,한식,국밥,콩|쌀,,,,끓임|부침|짓기,밥,,"전주콩나물국밥 / 주요 재료: 콩, 쌀 / 조리법: 끓임, 부침, 짓기 / 분류: 한식, 국밥",AIHub-74,,auto
해물덮밥,한식,덮밥,해산물|쌀,,,,짓기,밥,,"해물덮밥 / 주요 재료: 해산물, 쌀 / 조리법: 짓기 / 분류: 한식, 덮밥",AIHub-74,,auto
회덮밥,일식,덮밥,생선회|쌀,,,,짓기,밥,,"회덮밥 / 주요 재료: 생선회, 쌀 / 조리법: 짓기 / 분류: 일식, 덮밥",AIHub-74,,auto
소머리국밥,한식,국밥,소고기|쌀,,,,끓임|짓기,밥,,"소머리국밥 / 주요 재료: 소고기, 쌀 / 조리법: 끓임, 짓기 / 분류: 한식, 국밥",AIHub-74,,auto
돼지국밥,한식,국밥,돼지고기|쌀,,,,끓임|짓기,밥,,"돼지국밥 / 주요 재료: 돼지고기, 쌀 / 조리법: 끓임, 짓기 / 분류: 한식, 국밥",AIHub-74,,auto
하이라이스,,덮밥,쌀|하이라이스소스,,,,끓임,밥,,"하이라이스 / 주요 재료: 쌀, 하이라이스소스 / 조리법: 끓임 / 분류: 덮밥",AIHub-74,,auto
김치김밥,한식,밥,김치|쌀,,,,짓기,밥,,"김치김밥 / 주요 재료: 김치, 쌀 / 조리법: 짓기 / 분류: 한식, 밥",AIHub-74,,auto
농어초밥,일식,밥,농어|쌀,,,,짓기,밥,,"농어초밥 / 주요 재료: 농어, 쌀 / 조리법: 짓기 / 분류: 일식, 밥",AIHub-74,,auto
문어초밥,일식,밥,문어|쌀,,,,짓기,밥,,"문어초밥 / 주요 재료: 문어, 쌀 / 조리법: 짓기 / 분류: 일식, 밥",AIHub-74,,auto
새우초밥,일식,밥,새우|쌀,,,,짓기,밥,,"새우초밥 / 주요 재료: 새우, 쌀 / 조리법: 짓기 / 분류: 일식, 밥",AIHub-74,,auto
새우튀김롤,,튀김,새우,,,,튀김,,,새우튀김롤 / 주요 재료: 새우 / 조리법: 튀김 / 분류: 튀김,AIHub-74,,auto
샐러드김밥,한식,밥,채소|쌀,,,,짓기,밥,,"샐러드김밥 / 주요 재료: 채소, 쌀 / 조리법: 짓기 / 분류: 한식, 밥",AIHub-74,,auto
광어초밥,일식,밥,광어|쌀,,,,짓기,밥,,"광어초밥 / 주요 재료: 광어, 쌀 / 조리법: 짓기 / 분류: 일식, 밥",AIHub-74,,auto
소고기김밥,한식,밥,소고기|쌀,,,,짓기,밥,,"소고기김밥 / 주요 재료: 소고기, 쌀 / 조리법: 짓기 / 분류: 한식, 밥",AIHub-74,,auto
갈비삼각김밥,한식,밥,소고기|쌀,,,,짓기,밥,,"갈비삼각김밥 / 주요 재료: 소고기, 쌀 / 조리법: 짓기 / 분류: 한식, 밥",AIHub-74,,auto
연어롤,,롤,연어|쌀,,,,,밥,,"연어롤 / 주요 재료: 연어, 쌀 / 분류: 롤",AIHub-74,,auto
연어초밥,일식,밥,연어|쌀,,,,짓기,밥,,"연어초밥 / 주요 재료: 연어, 쌀 / 조리법: 짓기 / 분류: 일식, 밥",AIHub-74,,auto
유부초밥,일식,밥,유부|쌀,,,,짓기,밥,,"유부초밥 / 주요 재료: 유부, 쌀 / 조리법: 짓기 / 분류: 일식, 밥",AIHub-74,,auto
장어초밥,일식,밥,장어|쌀,,,,짓기,밥,,"장어초밥 / 주요 재료: 장어, 쌀 / 조리법: 짓기 / 분류: 일식, 밥",AIHub-74,,auto
참치김밥,한식,밥,참치|쌀,,,,짓기,밥,,"참치김밥 / 주요 재료: 참치, 쌀 / 조리법: 짓기 / 분류: 한식, 밥",AIHub-74,,auto
참치마요삼각김밥,한식,밥,참치|마요네즈|쌀,,,,짓기,밥,,"참치마요삼각김밥 / 주요 재료: 참치, 마요네즈, 쌀 / 조리법: 짓기 / 분류: 한식, 밥",AIHub-74,,auto
치즈김밥,한식,밥,치즈|쌀,,,,짓기,밥,,"치즈김밥 / 주요 재료: 치즈, 쌀 / 조리법: 짓기 / 분류: 한식, 밥",AIHub-74,,auto
캘리포니아롤,퓨전,롤,쌀|김,,,,,밥,,"캘리포니아롤 / 주요 재료: 쌀, 김 / 분류: 퓨전, 롤",AIHub-74,,auto
한치초밥,일식,밥,한치|쌀,,,,짓기,밥,,"한치초밥 / 주요 재료: 한치, 쌀 / 조리법: 짓기 / 분류: 일식, 밥",AIHub-74,,auto
일반김밥,한식,밥,쌀,,,,짓기,밥,,"일반김밥 / 주요 재료: 쌀 / 조리법: 짓기 / 분류: 한식, 밥",AIHub-74,,auto
간자장,중식,자장면,면|춘장,,,,볶음,면,,"간자장 / 주요 재료: 면, 춘장 / 조리법: 볶음 / 분류: 중식, 자장면",AIHub-74,,auto
굴짬뽕,중식,짬뽕,굴|면,,,매콤,끓임,면,,"굴짬뽕 / 주요 재료: 굴, 면 / 조리법: 끓임 / 분류: 중식, 짬뽕",AIHub-74,,auto
기스면,중식,국수,면|닭고기,,,,끓임,면,,"기스면 / 주요 재료: 면, 닭고기 / 조리법: 끓임 / 분류: 중식, 국수",AIHub-74,,auto
김치라면,한식,라면,김치|면,,,,끓임,면,,"김치라면 / 주요 재료: 김치, 면 / 조리법: 끓임 / 분류: 한식, 라면",AIHub-74,,auto
김치우동,일식,국수,김치|면,,,,끓임,면,,"김치우동 / 주요 재료: 김치, 면 / 조리법: 끓임 / 분류: 일식, 국수",AIHub-74,,auto
김치말이국수,한식,국,김치|면,,,,끓임,면,,"김치말이국수 / 주요 재료: 김치, 면 / 조리법: 끓임 / 분류: 한식, 국",AIHub-74,,auto
닭칼국수,한식,국,닭고기|면,,,,끓임,면,,"닭칼국수 / 주요 재료: 닭고기, 면 / 조리법: 끓임 / 분류: 한식, 국",AIHub-74,,auto
들깨칼국수,한식,국,들깨|면,,,,끓임,면,,"들깨칼국수 / 주요 재료: 들깨, 면 / 조리법: 끓임 / 분류: 한식, 국",AIHub-74,,auto
떡라면,한식,라면,떡|면,,,,끓임,면,,"떡라면 / 주요 재료: 떡, 면 / 조리법: 끓임 / 분류: 한식, 라면",AIHub-74,,auto
라면,,라면,면,,,,끓임,면,,라면 / 주요 재료: 면 / 조리법: 끓임 / 분류: 라면,AIHub-74,,auto
막국수,한식,국,메밀|면,,,,끓임,면,,"막국수 / 주요 재료: 메밀, 면 / 조리법: 끓임 / 분류: 한식, 국",AIHub-74,,auto
메밀국수,한식,국,메밀|면,,,,끓임,면,,"메밀국수 / 주요 재료: 메밀, 면 / 조리법: 끓임 / 분류: 한식, 국",AIHub-74,,auto
물냉면,한식,국수,면,,,,,면,,"물냉면 / 주요 재료: 면 / 분류: 한식, 국수",AIHub-74,,auto
비빔국수,한식,국,면,,,,끓임|비빔,면,,"비빔국수 / 주요 재료: 면 / 조리법: 끓임, 비빔 / 분류: 한식, 국",AIHub-74,,auto
비빔냉면,한식,국수,면,,,,비빔,면,,"비빔냉면 / 주요 재료: 면 / 조리법: 비빔 / 분류: 한식, 국수",AIHub-74,,auto
삼선우동,일식,국수,해산물|면,,,,끓임,면,,"삼선우동 / 주요 재료: 해산물, 면 / 조리법: 끓임 / 분류: 일식, 국수",AIHub-74,,auto
삼선자장면,중식,자장면,면|춘장|해산물,,,,볶음,면,,"삼선자장면 / 주요 재료: 면, 춘장, 해산물 / 조리법: 볶음 / 분류: 중식, 자장면",AIHub-74,,auto
삼선짬뽕,중식,짬뽕,면|해산물,,,매콤,끓임,면,,"삼선짬뽕 / 주요 재료: 면, 해산물 / 조리법: 끓임 / 분류: 중식, 짬뽕",AIHub-74,,auto
수제비,한식,수제비,밀가루,,,,끓임,,,"수제비 / 주요 재료: 밀가루 / 조리법: 끓임 / 분류: 한식, 수제비",AIHub-74,,auto
쌀국수,아시아,국,면,,,,끓임,면,,"쌀국수 / 주요 재료: 면 / 조리법: 끓임 / 분류: 아시아, 국",AIHub-74,,auto
열무김치국수,한식,국,김치|면,,,,끓임,면,,"열무김치국수 / 주요 재료: 김치, 면 / 조리법: 끓임 / 분류: 한식, 국",AIHub-74,,auto
오일소스스파게티,양식,파스타,올리브오일|면,,,,,면,,"오일소스스파게티 / 주요 재료: 올리브오일, 면 / 분류: 양식, 파스타",AIHub-74,,auto
일식우동,일식,국수,면,,,,끓임,면,,"일식우동 / 주요 재료: 면 / 조리법: 끓임 / 분류: 일식, 국수",AIHub-74,,auto
볶음우동,일식,볶음,면,,,,볶음|끓임,면,,"볶음우동 / 주요 재료: 면 / 조리법: 볶음, 끓임 / 분류: 일식, 볶음",AIHub-74,,auto
자장면,중식,자장면,면|춘장,,,,볶음,면,,"자장면 / 주요 재료: 면, 춘장 / 조리법: 볶음 / 분류: 중식, 자장면",AIHub-74,,auto
잔치국수,한식,국,면,,,,끓임,면,,"잔치국수 / 주요 재료: 면 / 조리법: 끓임 / 분류: 한식, 국",AIHub-74,,auto
짬뽕,중식,짬뽕,면|해산물,,,매콤,끓임,면,,"짬뽕 / 주요 재료: 면, 해산물 / 조리법: 끓임 / 분류: 중식, 짬뽕",AIHub-74,,auto
짬뽕라면,중식,라면,면,,,매콤,끓임,면,,"짬뽕라면 / 주요 재료: 면 / 조리법: 끓임 / 분류: 중식, 라면",AIHub-74,,auto
쫄면,한식,국수,면,,,매콤,비빔,면,,"쫄면 / 주요 재료: 면 / 조리법: 비빔 / 분류: 한식, 국수",AIHub-74,,auto
치즈라면,,라면,치즈|면,,,,끓임,면,,"치즈라면 / 주요 재료: 치즈, 면 / 조리법: 끓임 / 분류: 라면",AIHub-74,,auto
콩국수,한식,국,콩|면,,,,끓임,면,,"콩국수 / 주요 재료: 콩, 면 / 조리법: 끓임 / 분류: 한식, 국",AIHub-74,,auto
크림소스스파게티,양식,파스타,크림소스|면,,,,,면,,"크림소스스파게티 / 주요 재료: 크림소스, 면 / 분류: 양식, 파스타",AIHub-74,,auto
토마토소스스파게티,양식,파스타,토마토|면,,,,,면,,"토마토소스스파게티 / 주요 재료: 토마토, 면 / 분류: 양식, 파스타",AIHub-74,,auto
해물칼국수,한식,국,해산물|면,,,,끓임,면,,"해물칼국수 / 주요 재료: 해산물, 면 / 조리법: 끓임 / 분류: 한식, 국",AIHub-74,,auto
회냉면,한식,국수,면|생선회,,,,,면,,"회냉면 / 주요 재료: 면, 생선회 / 분류: 한식, 국수",AIHub-74,,auto
떡국,한식,국,떡,,,,끓임,,,"떡국 / 주요 재료: 떡 / 조리법: 끓임 / 분류: 한식, 국",AIHub-74,,auto
떡만둣국,한식,국,떡|만두,,,,끓임,,,"떡만둣국 / 주요 재료: 떡, 만두 / 조리법: 끓임 / 분류: 한식, 국",AIHub-74,,auto
짜장라면,중식,라면,춘장|면,,,,끓임,면,,"짜장라면 / 주요 재료: 춘장, 면 / 조리법: 끓임 / 분류: 중식, 라면",AIHub-74,,auto
고기만두,,만두,밀가루|다진고기,,,,,,,"고기만두 / 주요 재료: 밀가루, 다진고기 / 분류: 만두",AIHub-74,,auto
군만두,,만두,밀가루|다진고기,,,,,,,"군만두 / 주요 재료: 밀가루, 다진고기 / 분류: 만두",AIHub-74,,auto
김치만두,한식,만두,김치,,,,,,,"김치만두 / 주요 재료: 김치 / 분류: 한식, 만두",AIHub-74,,auto
물만두,,만두,밀가루|다진고기,,,,,,,"물만두 / 주요 재료: 밀가루, 다진고기 / 분류: 만두",AIHub-74,,auto
만둣국,한식,국,만두,,,,끓임,,,"만둣국 / 주요 재료: 만두 / 조리법: 끓임 / 분류: 한식, 국",AIHub-74,,auto
게살죽,한식,죽,게살|쌀,,,,끓임,밥,,"게살죽 / 주요 재료: 게살, 쌀 / 조리법: 끓임 / 분류: 한식, 죽",AIHub-74,,auto
깨죽,한식,죽,깨|쌀,,,,끓임,밥,,"깨죽 / 주요 재료: 깨, 쌀 / 조리법: 끓임 / 분류: 한식, 죽",AIHub-74,,auto
닭죽,한식,죽,닭고기|쌀,,,,끓임,밥,,"닭죽 / 주요 재료: 닭고기, 쌀 / 조리법: 끓임 / 분류: 한식, 죽",AIHub-74,,auto
소고기버섯죽,한식,죽,소고기|버섯|쌀,,,,끓임,밥,,"소고기버섯죽 / 주요 재료: 소고기, 버섯, 쌀 / 조리법: 끓임 / 분류: 한식, 죽",AIHub-74,,auto
어죽,한식,죽,생선|쌀,,,,끓임,밥,,"어죽 / 주요 재료: 생선, 쌀 / 조리법: 끓임 / 분류: 한식, 죽",AIHub-74,,auto
잣죽,한식,죽,잣|쌀,,,,끓임,밥,,"잣죽 / 주요 재료: 잣, 쌀 / 조리법: 끓임 / 분류: 한식, 죽",AIHub-74,,auto
전복죽,한식,죽,전복|쌀,,,,끓임|부침,밥,,"전복죽 / 주요 재료: 전복, 쌀 / 조리법: 끓임, 부침 / 분류: 한식, 죽",AIHub-74,,auto
참치죽,한식,죽,참치|쌀,,,,끓임,밥,,"참치죽 / 주요 재료: 참치, 쌀 / 조리법: 끓임 / 분류: 한식, 죽",AIHub-74,,auto
채소죽,한식,죽,채소|쌀,,,,끓임,밥,,"채소죽 / 주요 재료: 채소, 쌀 / 조리법: 끓임 / 분류: 한식, 죽",AIHub-74,,auto
팥죽,한식,죽,팥|쌀,,,,끓임,밥,,"팥죽 / 주요 재료: 팥, 쌀 / 조리법: 끓임 / 분류: 한식, 죽",AIHub-74,,auto
호박죽,한식,죽,호박|쌀,,,,끓임,밥,,"호박죽 / 주요 재료: 호박, 쌀 / 조리법: 끓임 / 분류: 한식, 죽",AIHub-74,,auto
콘스프,양식,스프,옥수수,,,,끓임,,,"콘스프 / 주요 재료: 옥수수 / 조리법: 끓임 / 분류: 양식, 스프",AIHub-74,,auto
토마토스프,양식,스프,토마토,,,,끓임,,,"토마토스프 / 주요 재료: 토마토 / 조리법: 끓임 / 분류: 양식, 스프",AIHub-74,,auto
굴국,한식,국,굴,,,,끓임,,,"굴국 / 주요 재료: 굴 / 조리법: 끓임 / 분류: 한식, 국",AIHub-74,,auto
김치국,한식,국,김치,,,,끓임,,,"김치국 / 주요 재료: 김치 / 조리법: 끓임 / 분류: 한식, 국",AIHub-74,,auto
달걀국,한식,국,달걀,,,,끓임,,,"달걀국 / 주요 재료: 달걀 / 조리법: 끓임 / 분류: 한식, 국",AIHub-74,,auto
감자국,한식,국,감자,,,,끓임,,,"감자국 / 주요 재료: 감자 / 조리법: 끓임 / 분류: 한식, 국",AIHub-74,,auto
미역국,한식,국,미역,,,,끓임,,,"미역국 / 주요 재료: 미역 / 조리법: 끓임 / 분류: 한식, 국",AIHub-74,,auto
바지락조개국,한식,국,조개,,,,끓임,,,"바지락조개국 / 주요 재료: 조개 / 조리법: 끓임 / 분류: 한식, 국",AIHub-74,,auto
소고기무국,한식,국,소고기,,,,끓임,,,"소고기무국 / 주요 재료: 소고기 / 조리법: 끓임 / 분류: 한식, 국",AIHub-74,,auto
소고기미역국,한식,국,소고기,,,,끓임,,,"소고기미역국 / 주요 재료: 소고기 / 조리법: 끓임 / 분류: 한식, 국",AIHub-74,,auto
순대국,한식,국,순대,,,,끓임,,,"순대국 / 주요 재료: 순대 / 조리법: 끓임 / 분류: 한식, 국",AIHub-74,,auto
어묵국,한식,국,어묵,,,,끓임,,,"어묵국 / 주요 재료: 어묵 / 조리법: 끓임 / 분류: 한식, 국",AIHub-74,,auto
오징어국,한식,국,오징어,,,,끓임,,,"오징어국 / 주요 재료: 오징어 / 조리법: 끓임 / 분류: 한식, 국",AIHub-74,,auto
토란국,한식,국,토란,,,,끓임,,,"토란국 / 주요 재료: 토란 / 조리법: 끓임 / 분류: 한식, 국",AIHub-74,,auto
탕국,한식,탕,소고기|무,,,,끓임,,,"탕국 / 주요 재료: 소고기, 무 / 조리법: 끓임 / 분류: 한식, 탕",AIHub-74,,auto
홍합미역국,한식,국,조개,,,,끓임,,,"홍합미역국 / 주요 재료: 조개 / 조리법: 끓임 / 분류: 한식, 국",AIHub-74,,auto
황태해장국,한식,국,황태,,,,끓임,,,"황태해장국 / 주요 재료: 황태 / 조리법: 끓임 / 분류: 한식, 국",AIHub-74,,auto
근대된장국,한식,국,근대|된장,,,,끓임,,,"근대된장국 / 주요 재료: 근대, 된장 / 조리법: 끓임 / 분류: 한식, 국",AIHub-74,,auto
미소된장국,한식,국,된장,,,,끓임,,,"미소된장국 / 주요 재료: 된장 / 조리법: 끓임 / 분류: 한식, 국",AIHub-74,,auto
배추된장국,한식,국,배추|된장,,,,끓임,,,"배추된장국 / 주요 재료: 배추, 된장 / 조리법: 끓임 / 분류: 한식, 국",AIHub-74,,auto
뼈다귀해장국,한식,국,돼지등뼈,,,,끓임,,,"뼈다귀해장국 / 주요 재료: 돼지등뼈 / 조리법: 끓임 / 분류: 한식, 국",AIHub-74,,auto
선지(해장)국,한식,국,선지,,,,끓임,,,"선지(해장)국 / 주요 재료: 선지 / 조리법: 끓임 / 분류: 한식, 국",AIHub-74,,auto
콩나물국,한식,국,콩,,,,끓임,,,"콩나물국 / 주요 재료: 콩 / 조리법: 끓임 / 분류: 한식, 국",AIHub-74,,auto
시금치된장국,한식,국,시금치|된장,,,,끓임,,,"시금치된장국 / 주요 재료: 시금치, 된장 / 조리법: 끓임 / 분류: 한식, 국",AIHub-74,,auto
시래기된장국,한식,국,시래기|된장,,,,끓임,,,"시래기된장국 / 주요 재료: 시래기, 된장 / 조리법: 끓임 / 분류: 한식, 국",AIHub-74,,auto
쑥된장국,한식,국,쑥|된장,,,,끓임,,,"쑥된장국 / 주요 재료: 쑥, 된장 / 조리법: 끓임 / 분류: 한식, 국",AIHub-74,,auto
아욱된장국,한식,국,아욱|된장,,,,끓임,,,"아욱된장국 / 주요 재료: 아욱, 된장 / 조리법: 끓임 / 분류: 한식, 국",AIHub-74,,auto
우거지된장국,한식,국,우거지|된장,,,,끓임,,,"우거지된장국 / 주요 재료: 우거지, 된장 / 조리법: 끓임 / 분류: 한식, 국",AIHub-74,,auto
우거지해장국,한식,국,우거지,,,,끓임,,,"우거지해장국 / 주요 재료: 우거지 / 조리법: 끓임 / 분류: 한식, 국",AIHub-74,,auto
우렁된장국,한식,국,우렁|된장,,,,끓임,,,"우렁된장국 / 주요 재료: 우렁, 된장 / 조리법: 끓임 / 분류: 한식, 국",AIHub-74,,auto
갈비탕,한식,탕,소고기,,,,끓임,,,"갈비탕 / 주요 재료: 소고기 / 조리법: 끓임 / 분류: 한식, 탕",AIHub-74,,auto
감자탕,한식,탕,감자,,,,끓임,,,"감자탕 / 주요 재료: 감자 / 조리법: 끓임 / 분류: 한식, 탕",AIHub-74,,auto
곰탕,한식,탕,소고기,,,,끓임,,,"곰탕 / 주요 재료: 소고기 / 조리법: 끓임 / 분류: 한식, 탕",AIHub-74,,auto
매운탕,한식,탕,생선,,,매콤,끓임,,,"매운탕 / 주요 재료: 생선 / 조리법: 끓임 / 분류: 한식, 탕",AIHub-74,,auto
꼬리곰탕,한식,탕,소고기,,,,끓임,,,"꼬리곰탕 / 주요 재료: 소고기 / 조리법: 끓임 / 분류: 한식, 탕",AIHub-74,,auto
꽃게탕,한식,탕,게,,,,끓임,,,"꽃게탕 / 주요 재료: 게 / 조리법: 끓임 / 분류: 한식, 탕",AIHub-74,,auto
낙지탕,한식,탕,낙지,,,,끓임,,,"낙지탕 / 주요 재료: 낙지 / 조리법: 끓임 / 분류: 한식, 탕",AIHub-74,,auto
내장탕,한식,탕,내장,,,,끓임,,,"내장탕 / 주요 재료: 내장 / 조리법: 끓임 / 분류: 한식, 탕",AIHub-74,,auto
닭곰탕,한식,탕,소고기|닭고기,,,,끓임,,,"닭곰탕 / 주요 재료: 소고기, 닭고기 / 조리법: 끓임 / 분류: 한식, 탕",AIHub-74,,auto
닭볶음탕,한식,탕,닭고기,,,,볶음|끓임,,,"닭볶음탕 / 주요 재료: 닭고기 / 조리법: 볶음, 끓임 / 분류: 한식, 탕",AIHub-74,,auto
지리탕,한식,탕,생선,,,,끓임,,,"지리탕 / 주요 재료: 생선 / 조리법: 끓임 / 분류: 한식, 탕",AIHub-74,,auto
도가니탕,한식,탕,소고기|도가니,,,,끓임,,,"도가니탕 / 주요 재료: 소고기, 도가니 / 조리법: 끓임 / 분류: 한식, 탕",AIHub-74,,auto
삼계탕,한식,탕,닭고기,,,,끓임,,,"삼계탕 / 주요 재료: 닭고기 / 조리법: 끓임 / 분류: 한식, 탕",AIHub-74,,auto
설렁탕,한식,탕,소고기,,,,끓임,,,"설렁탕 / 주요 재료: 소고기 / 조리법: 끓임 / 분류: 한식, 탕",AIHub-74,,auto
알탕,한식,탕,생선알,,,,끓임,,,"알탕 / 주요 재료: 생선알 / 조리법: 끓임 / 분류: 한식, 탕",AIHub-74,,auto
연포탕,한식,탕,낙지,,,,끓임,,,"연포탕 / 주요 재료: 낙지 / 조리법: 끓임 / 분류: 한식, 탕",AIHub-74,,auto
오리탕,한식,탕,오리고기,,,,끓임,,,"오리탕 / 주요 재료: 오리고기 / 조리법: 끓임 / 분류: 한식, 탕",AIHub-74,,auto
추어탕,한식,탕,미꾸라지,,,,끓임,,,"추어탕 / 주요 재료: 미꾸라지 / 조리법: 끓임 / 분류: 한식, 탕",AIHub-74,,auto
해물탕,한식,탕,해산물,,,,끓임,,,"해물탕 / 주요 재료: 해산물 / 조리법: 끓임 / 분류: 한식, 탕",AIHub-74,,auto
닭개장,한식,국,닭고기,,,매콤,끓임,,,"닭개장 / 주요 재료: 닭고기 / 조리법: 끓임 / 분류: 한식, 국",AIHub-74,,auto
육개장,한식,국,소고기,,,매콤,끓임,,,"육개장 / 주요 재료: 소고기 / 조리법: 끓임 / 분류: 한식, 국",AIHub-74,,auto
뼈해장국,한식,국,돼지등뼈,,,,끓임,,,"뼈해장국 / 주요 재료: 돼지등뼈 / 조리법: 끓임 / 분류: 한식, 국",AIHub-74,,auto
미역오이냉국,한식,국,미역|오이,,,,끓임,,,"미역오이냉국 / 주요 재료: 미역, 오이 / 조리법: 끓임 / 분류: 한식, 국",AIHub-74,,auto
고등어찌개,한식,찌개,고등어,,,,끓임,,,"고등어찌개 / 주요 재료: 고등어 / 조리법: 끓임 / 분류: 한식, 찌개",AIHub-74,,auto
꽁치찌개,한식,찌개,꽁치,,,,끓임,,,"꽁치찌개 / 주요 재료: 꽁치 / 조리법: 끓임 / 분류: 한식, 찌개",AIHub-74,,auto
동태찌개,한식,찌개,동태,,,,끓임,,,"동태찌개 / 주요 재료: 동태 / 조리법: 끓임 / 분류: 한식, 찌개",AIHub-74,,auto
부대찌개,한식,찌개,햄|소시지,,,,끓임,,,"부대찌개 / 주요 재료: 햄, 소시지 / 조리법: 끓임 / 분류: 한식, 찌개",AIHub-74,,auto
된장찌개,한식,찌개,된장|두부,,,,끓임,,,"된장찌개 / 주요 재료: 된장, 두부 / 조리법: 끓임 / 분류: 한식, 찌개",AIHub-74,,auto
청국장찌개,한식,찌개,청국장|두부,,,,끓임,,,"청국장찌개 / 주요 재료: 청국장, 두부 / 조리법: 끓임 / 분류: 한식, 찌개",AIHub-74,,auto
두부전골,한식,전골,두부,,,,끓임|부침,,,"두부전골 / 주요 재료: 두부 / 조리법: 끓임, 부침 / 분류: 한식, 전골",AIHub-74,,auto
곱창전골,한식,전골,곱창,,,,끓임|부침,,,"곱창전골 / 주요 재료: 곱창 / 조리법: 끓임, 부침 / 분류: 한식, 전골",AIHub-74,,auto
소고기전골,한식,전골,소고기,,,,끓임|부침,,,"소고기전골 / 주요 재료: 소고기 / 조리법: 끓임, 부침 / 분류: 한식, 전골",AIHub-74,,auto
국수전골,한식,전골,면,,,,끓임|부침,면,,"국수전골 / 주요 재료: 면 / 조리법: 끓임, 부침 / 분류: 한식, 전골",AIHub-74,,auto
돼지고기김치찌개,한식,찌개,돼지고기|김치,,,매콤,끓임,,,"돼지고기김치찌개 / 주요 재료: 돼지고기, 김치 / 조리법: 끓임 / 분류: 한식, 찌개",AIHub-74,,auto
버섯찌개,한식,찌개,버섯,,,,끓임,,,"버섯찌개 / 주요 재료: 버섯 / 조리법: 끓임 / 분류: 한식, 찌개",AIHub-74,,auto
참치김치찌개,한식,찌개,김치|생선,,,매콤,끓임,,,"참치김치찌개 / 주요 재료: 김치, 생선 / 조리법: 끓임 / 분류: 한식, 찌개",AIHub-74,,auto
순두부찌개,한식,찌개,두부,,,,끓임,,,"순두부찌개 / 주요 재료: 두부 / 조리법: 끓임 / 분류: 한식, 찌개",AIHub-74,,auto
콩비지찌개,한식,찌개,콩,,,,끓임,,,"콩비지찌개 / 주요 재료: 콩 / 조리법: 끓임 / 분류: 한식, 찌개",AIHub-74,,auto
햄김치찌개,한식,찌개,김치,,,매콤,끓임,,,"햄김치찌개 / 주요 재료: 김치 / 조리법: 끓임 / 분류: 한식, 찌개",AIHub-74,,auto
호박찌개,한식,찌개,호박,,,,끓임,,,"호박찌개 / 주요 재료: 호박 / 조리법: 끓임 / 분류: 한식, 찌개",AIHub-74,,auto
고추장찌개,한식,찌개,고추장,,,,끓임,,,"고추장찌개 / 주요 재료: 고추장 / 조리법: 끓임 / 분류: 한식, 찌개",AIHub-74,,auto
대구찜,,찜,대구,,,,찜,,,대구찜 / 주요 재료: 대구 / 조리법: 찜 / 분류: 찜,AIHub-74,,auto
도미찜,,찜,도미,,,,찜,,,도미찜 / 주요 재료: 도미 / 조리법: 찜 / 분류: 찜,AIHub-74,,auto
문어숙회,한식,숙회,문어,,,,삶기,,,"문어숙회 / 주요 재료: 문어 / 조리법: 삶기 / 분류: 한식, 숙회",AIHub-74,,auto
아귀찜,,찜,아귀,,,,찜,,,아귀찜 / 주요 재료: 아귀 / 조리법: 찜 / 분류: 찜,AIHub-74,,auto
조기찜,,찜,조기,,,,찜,,,조기찜 / 주요 재료: 조기 / 조리법: 찜 / 분류: 찜,AIHub-74,,auto
참꼬막,한식,해산물,꼬막,,,,,,,"참꼬막 / 주요 재료: 꼬막 / 분류: 한식, 해산물",AIHub-74,,auto
해물찜,,찜,해산물,,,,찜,,,해물찜 / 주요 재료: 해산물 / 조리법: 찜 / 분류: 찜,AIHub-74,,auto
소갈비찜,한식,찜,소고기,,,,찜,,,"소갈비찜 / 주요 재료: 소고기 / 조리법: 찜 / 분류: 한식, 찜",AIHub-74,,auto
돼지갈비찜,한식,찜,돼지고기,,,,찜,,,"돼지갈비찜 / 주요 재료: 돼지고기 / 조리법: 찜 / 분류: 한식, 찜",AIHub-74,,auto
돼지고기수육,한식,수육,돼지고기,,,,삶기,,,"돼지고기수육 / 주요 재료: 돼지고기 / 조리법: 삶기 / 분류: 한식, 수육",AIHub-74,,auto
찜닭,,찜,닭고기,,,,찜,,,찜닭 / 주요 재료: 닭고기 / 조리법: 찜 / 분류: 찜,AIHub-74,,auto
족발,한식,수육,돼지고기,,,,삶기,,,"족발 / 주요 재료: 돼지고기 / 조리법: 삶기 / 분류: 한식, 수육",AIHub-74,,auto
달걀찜,,찜,달걀,,,,찜,,,달걀찜 / 주요 재료: 달걀 / 조리법: 찜 / 분류: 찜,AIHub-74,,auto
닭갈비,한식,볶음,닭고기,,,,볶음,,,"닭갈비 / 주요 재료: 닭고기 / 조리법: 볶음 / 분류: 한식, 볶음",AIHub-74,,auto
닭꼬치,,꼬치,닭고기,,,,구이,,,닭꼬치 / 주요 재료: 닭고기 / 조리법: 구이 / 분류: 꼬치,AIHub-74,,auto
돼지갈비,한식,구이,돼지고기,,,,구이,,,"돼지갈비 / 주요 재료: 돼지고기 / 조리법: 구이 / 분류: 한식, 구이",AIHub-74,,auto
떡갈비,한식,떡,다진고기,,,,,,,"떡갈비 / 주요 재료: 다진고기 / 분류: 한식, 떡",AIHub-74,,auto
불고기,한식,구이,소고기,,,,구이,,,"불고기 / 주요 재료: 소고기 / 조리법: 구이 / 분류: 한식, 구이",AIHub-74,,auto
소곱창구이,,구이,소곱창,,,,구이,,,소곱창구이 / 주요 재료: 소곱창 / 조리법: 구이 / 분류: 구이,AIHub-74,,auto
소양념갈비구이,한식,구이,소고기,,,,구이,,,"소양념갈비구이 / 주요 재료: 소고기 / 조리법: 구이 / 분류: 한식, 구이",AIHub-74,,auto
소불고기,한식,구이,소고기,,,,구이,,,"소불고기 / 주요 재료: 소고기 / 조리법: 구이 / 분류: 한식, 구이",AIHub-74,,auto
양념왕갈비,한식,구이,갈비,,,,구이,,,"양념왕갈비 / 주요 재료: 갈비 / 조리법: 구이 / 분류: 한식, 구이",AIHub-74,,auto
햄버거스테이크,양식,버거,다진고기,,,,구이,빵,,"햄버거스테이크 / 주요 재료: 다진고기 / 조리법: 구이 / 분류: 양식, 버거",AIHub-74,,auto
훈제오리,,훈제,오리고기,,,,훈제,,,훈제오리 / 주요 재료: 오리고기 / 조리법: 훈제 / 분류: 훈제,AIHub-74,,auto
치킨데리야끼,,구이,닭고기,,,,구이|튀김,,,"치킨데리야끼 / 주요 재료: 닭고기 / 조리법: 구이, 튀김 / 분류: 구이",AIHub-74,,auto
치킨윙,,튀김,닭고기,,,,튀김,,,치킨윙 / 주요 재료: 닭고기 / 조리법: 튀김 / 분류: 튀김,AIHub-74,,auto
더덕구이,,구이,더덕,,,,구이,,,더덕구이 / 주요 재료: 더덕 / 조리법: 구이 / 분류: 구이,AIHub-74,,auto
양배추구이,,구이,양배추,,,,구이,,,양배추구이 / 주요 재료: 양배추 / 조리법: 구이 / 분류: 구이,AIHub-74,,auto
두부구이,,구이,두부,,,,구이,,,두부구이 / 주요 재료: 두부 / 조리법: 구이 / 분류: 구이,AIHub-74,,auto
삼치구이,,구이,삼치,,,,구이,,,삼치구이 / 주요 재료: 삼치 / 조리법: 구이 / 분류: 구이,AIHub-74,,auto
가자미전,한식,전,가자미,,,,부침,,,"가자미전 / 주요 재료: 가자미 / 조리법: 부침 / 분류: 한식, 전",AIHub-74,,auto
굴전,한식,전,굴,,,,부침,,,"굴전 / 주요 재료: 굴 / 조리법: 부침 / 분류: 한식, 전",AIHub-74,,auto
동태전,한식,전,동태,,,,부침,,,"동태전 / 주요 재료: 동태 / 조리법: 부침 / 분류: 한식, 전",AIHub-74,,auto
해물파전,한식,전,해산물|파,,,,부침,,,"해물파전 / 주요 재료: 해산물, 파 / 조리법: 부침 / 분류: 한식, 전",AIHub-74,,auto
동그랑땡,한식,전,다진고기,,,,부침,,,"동그랑땡 / 주요 재료: 다진고기 / 조리법: 부침 / 분류: 한식, 전",AIHub-74,,auto
햄부침,한식,전,햄,,,,부침,,,"햄부침 / 주요 재료: 햄 / 조리법: 부침 / 분류: 한식, 전",AIHub-74,,auto
육전,한식,전,소고기,,,,부침,,,"육전 / 주요 재료: 소고기 / 조리법: 부침 / 분류: 한식, 전",AIHub-74,,auto
감자전,한식,전,감자,,,,부침,,,"감자전 / 주요 재료: 감자 / 조리법: 부침 / 분류: 한식, 전",AIHub-74,,auto
고추전,한식,전,고추,,,,부침,,,"고추전 / 주요 재료: 고추 / 조리법: 부침 / 분류: 한식, 전",AIHub-74,,auto
김치전,한식,전,김치,,,,부침,,,"김치전 / 주요 재료: 김치 / 조리법: 부침 / 분류: 한식, 전",AIHub-74,,auto
깻잎전,한식,전,깻잎,,,,부침,,,"깻잎전 / 주요 재료: 깻잎 / 조리법: 부침 / 분류: 한식, 전",AIHub-74,,auto
녹두빈대떡,한식,떡,녹두,,,,,,,"녹두빈대떡 / 주요 재료: 녹두 / 분류: 한식, 떡",AIHub-74,,auto
미나리전,한식,전,미나리,,,,부침,,,"미나리전 / 주요 재료: 미나리 / 조리법: 부침 / 분류: 한식, 전",AIHub-74,,auto
배추전,한식,전,배추,,,,부침,,,"배추전 / 주요 재료: 배추 / 조리법: 부침 / 분류: 한식, 전",AIHub-74,,auto
버섯전,한식,전,버섯,,,,부침,,,"버섯전 / 주요 재료: 버섯 / 조리법: 부침 / 분류: 한식, 전",AIHub-74,,auto
부추전,한식,전,부추,,,,부침,,,"부추전 / 주요 재료: 부추 / 조리법: 부침 / 분류: 한식, 전",AIHub-74,,auto
야채전,한식,전,채소,,,,부침,,,"야채전 / 주요 재료: 채소 / 조리법: 부침 / 분류: 한식, 전",AIHub-74,,auto
파전,한식,전,파,,,,부침,,,"파전 / 주요 재료: 파 / 조리법: 부침 / 분류: 한식, 전",AIHub-74,,auto
호박부침개,한식,전,호박,,,,부침,,,"호박부침개 / 주요 재료: 호박 / 조리법: 부침 / 분류: 한식, 전",AIHub-74,,auto
호박전,한식,전,호박,,,,부침,,,"호박전 / 주요 재료: 호박 / 조리법: 부침 / 분류: 한식, 전",AIHub-74,,auto
달걀말이,한식,전,달걀,,,,부침,,,"달걀말이 / 주요 재료: 달걀 / 조리법: 부침 / 분류: 한식, 전",AIHub-74,,auto
두부부침,한식,부침,두부,,,,부침,,,"두부부침 / 주요 재료: 두부 / 조리법: 부침 / 분류: 한식, 부침",AIHub-74,,auto
두부전,한식,전,두부,,,,부침,,,"두부전 / 주요 재료: 두부 / 조리법: 부침 / 분류: 한식, 전",AIHub-74,,auto
건새우볶음,,볶음,새우,,,,볶음,,,건새우볶음 / 주요 재료: 새우 / 조리법: 볶음 / 분류: 볶음,AIHub-74,,auto
낙지볶음,,볶음,낙지,,,매콤,볶음,,,낙지볶음 / 주요 재료: 낙지 / 조리법: 볶음 / 분류: 볶음,AIHub-74,,auto
멸치볶음,,볶음,멸치,,,,볶음,,,멸치볶음 / 주요 재료: 멸치 / 조리법: 볶음 / 분류: 볶음,AIHub-74,,auto
어묵볶음,,볶음,어묵,,,,볶음,,,어묵볶음 / 주요 재료: 어묵 / 조리법: 볶음 / 분류: 볶음,AIHub-74,,auto
오징어볶음,,볶음,오징어,,,,볶음,,,오징어볶음 / 주요 재료: 오징어 / 조리법: 볶음 / 분류: 볶음,AIHub-74,,auto
오징어채볶음,,볶음,오징어,,,,볶음,,,오징어채볶음 / 주요 재료: 오징어 / 조리법: 볶음 / 분류: 볶음,AIHub-74,,auto
주꾸미볶음,,볶음,주꾸미,,,매콤,볶음,,,주꾸미볶음 / 주요 재료: 주꾸미 / 조리법: 볶음 / 분류: 볶음,AIHub-74,,auto
해물볶음,,볶음,해산물,,,,볶음,,,해물볶음 / 주요 재료: 해산물 / 조리법: 볶음 / 분류: 볶음,AIHub-74,,auto
감자볶음,,볶음,감자,,,,볶음,,,감자볶음 / 주요 재료: 감자 / 조리법: 볶음 / 분류: 볶음,AIHub-74,,auto
김치볶음,한식,볶음,김치,,,,볶음,,,"김치볶음 / 주요 재료: 김치 / 조리법: 볶음 / 분류: 한식, 볶음",AIHub-74,,auto
깻잎나물볶음,한식,볶음,깻잎,,,,볶음,,,"깻잎나물볶음 / 주요 재료: 깻잎 / 조리법: 볶음 / 분류: 한식, 볶음",AIHub-74,,auto
느타리버섯볶음,,볶음,버섯,,,,볶음,,,느타리버섯볶음 / 주요 재료: 버섯 / 조리법: 볶음 / 분류: 볶음,AIHub-74,,auto
두부김치,한식,반찬,두부|김치,,,,,,,"두부김치 / 주요 재료: 두부, 김치 / 분류: 한식, 반찬",AIHub-74,,auto
머위나물볶음,한식,볶음,머위,,,,볶음,,,"머위나물볶음 / 주요 재료: 머위 / 조리법: 볶음 / 분류: 한식, 볶음",AIHub-74,,auto
양송이버섯볶음,,볶음,버섯,,,,볶음,,,양송이버섯볶음 / 주요 재료: 버섯 / 조리법: 볶음 / 분류: 볶음,AIHub-74,,auto
표고버섯볶음,,볶음,버섯,,,,볶음,,,표고버섯볶음 / 주요 재료: 버섯 / 조리법: 볶음 / 분류: 볶음,AIHub-74,,auto
고추잡채,중식,볶음,돼지고기|피망,,,,볶음,,,"고추잡채 / 주요 재료: 돼지고기, 피망 / 조리법: 볶음 / 분류: 중식, 볶음",AIHub-74,,auto
호박볶음,,볶음,호박,,,,볶음,,,호박볶음 / 주요 재료: 호박 / 조리법: 볶음 / 분류: 볶음,AIHub-74,,auto
돼지고기볶음,,볶음,돼지고기,,,,볶음,,,돼지고기볶음 / 주요 재료: 돼지고기 / 조리법: 볶음 / 분류: 볶음,AIHub-74,,auto
돼지껍데기볶음,,볶음,돼지고기,,,,볶음,,,돼지껍데기볶음 / 주요 재료: 돼지고기 / 조리법: 볶음 / 분류: 볶음,AIHub-74,,auto
소세지볶음,,볶음,소시지,,,,볶음,,,소세지볶음 / 주요 재료: 소시지 / 조리법: 볶음 / 분류: 볶음,AIHub-74,,auto
순대볶음,,볶음,순대,,,,볶음,,,순대볶음 / 주요 재료: 순대 / 조리법: 볶음 / 분류: 볶음,AIHub-74,,auto
오리불고기,한식,구이,오리고기,,,,구이,,,"오리불고기 / 주요 재료: 오리고기 / 조리법: 구이 / 분류: 한식, 구이",AIHub-74,,auto
오삼불고기,한식,볶음,오징어|돼지고기,,,,볶음,,,"오삼불고기 / 주요 재료: 오징어, 돼지고기 / 조리법: 볶음 / 분류: 한식, 볶음",AIHub-74,,auto
떡볶이,한식,떡,떡,,,매콤,,,,"떡볶이 / 주요 재료: 떡 / 분류: 한식, 떡",AIHub-74,,auto
라볶이,한식,떡볶이,떡|라면,,,매콤,끓임,면,,"라볶이 / 주요 재료: 떡, 라면 / 조리법: 끓임 / 분류: 한식, 떡볶이",AIHub-74,,auto
마파두부,중식,볶음,두부,,,매콤,볶음,,,"마파두부 / 주요 재료: 두부 / 조리법: 볶음 / 분류: 중식, 볶음",AIHub-74,,auto
가자미조림,,조림,가자미,,,,조림,,,가자미조림 / 주요 재료: 가자미 / 조리법: 조림 / 분류: 조림,AIHub-74,,auto
갈치조림,,조림,갈치,,,,조림,,,갈치조림 / 주요 재료: 갈치 / 조리법: 조림 / 분류: 조림,AIHub-74,,auto
고등어조림,,조림,고등어,,,,조림,,,고등어조림 / 주요 재료: 고등어 / 조리법: 조림 / 분류: 조림,AIHub-74,,auto
꽁치조림,,조림,꽁치,,,,조림,,,꽁치조림 / 주요 재료: 꽁치 / 조리법: 조림 / 분류: 조림,AIHub-74,,auto
동태조림,,조림,동태,,,,조림,,,동태조림 / 주요 재료: 동태 / 조리법: 조림 / 분류: 조림,AIHub-74,,auto
북어조림,,조림,북어,,,,조림,,,북어조림 / 주요 재료: 북어 / 조리법: 조림 / 분류: 조림,AIHub-74,,auto
조기조림,,조림,조기,,,,조림,,,조기조림 / 주요 재료: 조기 / 조리법: 조림 / 분류: 조림,AIHub-74,,auto
코다리조림,,조림,코다리,,,,조림,,,코다리조림 / 주요 재료: 코다리 / 조리법: 조림 / 분류: 조림,AIHub-74,,auto
달걀장조림,,조림,달걀,,,,조림,,,달걀장조림 / 주요 재료: 달걀 / 조리법: 조림 / 분류: 조림,AIHub-74,,auto
메추리알장조림,,조림,메추리알,,,,조림,,,메추리알장조림 / 주요 재료: 메추리알 / 조리법: 조림 / 분류: 조림,AIHub-74,,auto
돼지고기메추리알장조림,,조림,돼지고기,,,,조림,,,돼지고기메추리알장조림 / 주요 재료: 돼지고기 / 조리법: 조림 / 분류: 조림,AIHub-74,,auto
소고기메추리알장조림,,조림,소고기,,,,조림,,,소고기메추리알장조림 / 주요 재료: 소고기 / 조리법: 조림 / 분류: 조림,AIHub-74,,auto
고추조림,,조림,고추,,,,조림,,,고추조림 / 주요 재료: 고추 / 조리법: 조림 / 분류: 조림,AIHub-74,,auto
감자조림,,조림,감자,,,,조림,,,감자조림 / 주요 재료: 감자 / 조리법: 조림 / 분류: 조림,AIHub-74,,auto
우엉조림,,조림,우엉,,,,조림,,,우엉조림 / 주요 재료: 우엉 / 조리법: 조림 / 분류: 조림,AIHub-74,,auto
알감자조림,,조림,감자,,,,조림,,,알감자조림 / 주요 재료: 감자 / 조리법: 조림 / 분류: 조림,AIHub-74,,auto
(검은)콩조림,,조림,콩,,,,조림,,,(검은)콩조림 / 주요 재료: 콩 / 조리법: 조림 / 분류: 조림,AIHub-74,,auto
콩조림,,조림,콩,,,,조림,,,콩조림 / 주요 재료: 콩 / 조리법: 조림 / 분류: 조림,AIHub-74,,auto
두부고추장조림,,조림,두부,,,,조림,,,두부고추장조림 / 주요 재료: 두부 / 조리법: 조림 / 분류: 조림,AIHub-74,,auto
땅콩조림,,조림,콩,,,,조림,,,땅콩조림 / 주요 재료: 콩 / 조리법: 조림 / 분류: 조림,AIHub-74,,auto
미꾸라지튀김,,튀김,미꾸라지,,,,튀김,,,미꾸라지튀김 / 주요 재료: 미꾸라지 / 조리법: 튀김 / 분류: 튀김,AIHub-74,,auto
새우튀김,,튀김,새우,,,,튀김,,,새우튀김 / 주요 재료: 새우 / 조리법: 튀김 / 분류: 튀김,AIHub-74,,auto
생선가스,,튀김,생선,,,,튀김,,,생선가스 / 주요 재료: 생선 / 조리법: 튀김 / 분류: 튀김,AIHub-74,,auto
쥐포튀김,,튀김,쥐포,,,,튀김,,,쥐포튀김 / 주요 재료: 쥐포 / 조리법: 튀김 / 분류: 튀김,AIHub-74,,auto
오징어튀김,,튀김,오징어,,,,튀김,,,오징어튀김 / 주요 재료: 오징어 / 조리법: 튀김 / 분류: 튀김,AIHub-74,,auto
닭강정,한식,튀김,닭고기,,,,튀김,,,"닭강정 / 주요 재료: 닭고기 / 조리법: 튀김 / 분류: 한식, 튀김",AIHub-74,,auto
닭튀김,,튀김,닭고기,,,,튀김,,,닭튀김 / 주요 재료: 닭고기 / 조리법: 튀김 / 분류: 튀김,AIHub-74,,auto
돈가스,일식,튀김,돼지고기,,,,튀김,,,"돈가스 / 주요 재료: 돼지고기 / 조리법: 튀김 / 분류: 일식, 튀김",AIHub-74,,auto
모래집튀김,,튀김,닭모래집,,,,튀김,,,모래집튀김 / 주요 재료: 닭모래집 / 조리법: 튀김 / 분류: 튀김,AIHub-74,,auto
양념치킨,,튀김,닭고기,,,달콤,튀김,,,양념치킨 / 주요 재료: 닭고기 / 조리법: 튀김 / 분류: 튀김,AIHub-74,,auto
치즈돈가스,일식,튀김,돼지고기|치즈,,,,튀김,,,"치즈돈가스 / 주요 재료: 돼지고기, 치즈 / 조리법: 튀김 / 분류: 일식, 튀김",AIHub-74,,auto
치킨가스,,튀김,닭고기,,,,튀김,,,치킨가스 / 주요 재료: 닭고기 / 조리법: 튀김 / 분류: 튀김,AIHub-74,,auto
탕수육,중식,튀김,돼지고기,,,,튀김|삶기|끓임,,,"탕수육 / 주요 재료: 돼지고기 / 조리법: 튀김, 삶기, 끓임 / 분류: 중식, 튀김",AIHub-74,,auto
깐풍기,중식,튀김,닭고기,,,,튀김|볶음,,,"깐풍기 / 주요 재료: 닭고기 / 조리법: 튀김, 볶음 / 분류: 중식, 튀김",AIHub-74,,auto
감자튀김,,튀김,감자,,,,튀김,,,감자튀김 / 주요 재료: 감자 / 조리법: 튀김 / 분류: 튀김,AIHub-74,,auto
고구마맛탕,한식,탕,고구마,,,,끓임,,,"고구마맛탕 / 주요 재료: 고구마 / 조리법: 끓임 / 분류: 한식, 탕",AIHub-74,,auto
고구마튀김,,튀김,고구마,,,,튀김,,,고구마튀김 / 주요 재료: 고구마 / 조리법: 튀김 / 분류: 튀김,AIHub-74,,auto
고추튀김,,튀김,고추,,,,튀김,,,고추튀김 / 주요 재료: 고추 / 조리법: 튀김 / 분류: 튀김,AIHub-74,,auto
김말이튀김,,튀김,김|당면,,,,튀김,,,"김말이튀김 / 주요 재료: 김, 당면 / 조리법: 튀김 / 분류: 튀김",AIHub-74,,auto
채소튀김,,튀김,채소,,,,튀김,,,채소튀김 / 주요 재료: 채소 / 조리법: 튀김 / 분류: 튀김,AIHub-74,,auto
노각무침,,무침,노각,,,,무침,,,노각무침 / 주요 재료: 노각 / 조리법: 무침 / 분류: 무침,AIHub-74,,auto
단무지무침,,무침,단무지,,,,무침,,,단무지무침 / 주요 재료: 단무지 / 조리법: 무침 / 분류: 무침,AIHub-74,,auto
달래나물무침,한식,무침,달래,,,,무침,,,"달래나물무침 / 주요 재료: 달래 / 조리법: 무침 / 분류: 한식, 무침",AIHub-74,,auto
더덕무침,,무침,더덕,,,,무침,,,더덕무침 / 주요 재료: 더덕 / 조리법: 무침 / 분류: 무침,AIHub-74,,auto
도라지생채,한식,생채,도라지,,,,무침,,,"도라지생채 / 주요 재료: 도라지 / 조리법: 무침 / 분류: 한식, 생채",AIHub-74,,auto
도토리묵,한식,묵,도토리,,,,,,,"도토리묵 / 주요 재료: 도토리 / 분류: 한식, 묵",AIHub-74,,auto
마늘쫑무침,,무침,마늘쫑,,,,무침,,,마늘쫑무침 / 주요 재료: 마늘쫑 / 조리법: 무침 / 분류: 무침,AIHub-74,,auto
무생채,한식,생채,무,,,,무침,,,"무생채 / 주요 재료: 무 / 조리법: 무침 / 분류: 한식, 생채",AIHub-74,,auto
무말랭이,한식,무침,무,,,,무침,,,"무말랭이 / 주요 재료: 무 / 조리법: 무침 / 분류: 한식, 무침",AIHub-74,,auto
오이생채,한식,생채,오이,,,,무침,,,"오이생채 / 주요 재료: 오이 / 조리법: 무침 / 분류: 한식, 생채",AIHub-74,,auto
파무침,,무침,파,,,,무침,,,파무침 / 주요 재료: 파 / 조리법: 무침 / 분류: 무침,AIHub-74,,auto
상추겉절이,한식,겉절이,상추,,,,무침,,,"상추겉절이 / 주요 재료: 상추 / 조리법: 무침 / 분류: 한식, 겉절이",AIHub-74,,auto
쑥갓나물무침,한식,무침,쑥갓,,,,무침,,,"쑥갓나물무침 / 주요 재료: 쑥갓 / 조리법: 무침 / 분류: 한식, 무침",AIHub-74,,auto
청포묵무침,,무침,청포묵,,,,무침,,,청포묵무침 / 주요 재료: 청포묵 / 조리법: 무침 / 분류: 무침,AIHub-74,,auto
해파리냉채,중식,냉채,해파리,,,새콤,무침,,,"해파리냉채 / 주요 재료: 해파리 / 조리법: 무침 / 분류: 중식, 냉채",AIHub-74,,auto
가지나물,한식,나물,가지,,,,무침,,,"가지나물 / 주요 재료: 가지 / 조리법: 무침 / 분류: 한식, 나물",AIHub-74,,auto
고사리나물,한식,나물,고사리,,,,무침,,,"고사리나물 / 주요 재료: 고사리 / 조리법: 무침 / 분류: 한식, 나물",AIHub-74,,auto
도라지나물,한식,나물,도라지,,,,무침,,,"도라지나물 / 주요 재료: 도라지 / 조리법: 무침 / 분류: 한식, 나물",AIHub-74,,auto
무나물,한식,나물,무,,,,볶음,,,"무나물 / 주요 재료: 무 / 조리법: 볶음 / 분류: 한식, 나물",AIHub-74,,auto
미나리나물,한식,나물,미나리,,,,무침,,,"미나리나물 / 주요 재료: 미나리 / 조리법: 무침 / 분류: 한식, 나물",AIHub-74,,auto
숙주나물,한식,나물,숙주,,,,무침,,,"숙주나물 / 주요 재료: 숙주 / 조리법: 무침 / 분류: 한식, 나물",AIHub-74,,auto
시금치나물,한식,나물,시금치,,,,무침,,,"시금치나물 / 주요 재료: 시금치 / 조리법: 무침 / 분류: 한식, 나물",AIHub-74,,auto
취나물,한식,나물,취나물,,,,무침,,,"취나물 / 주요 재료: 취나물 / 조리법: 무침 / 분류: 한식, 나물",AIHub-74,,auto
콩나물,한식,나물,콩나물,,,,무침,,,"콩나물 / 주요 재료: 콩나물 / 조리법: 무침 / 분류: 한식, 나물",AIHub-74,,auto
고구마줄기나물,한식,나물,고구마줄기,,,,무침,,,"고구마줄기나물 / 주요 재료: 고구마줄기 / 조리법: 무침 / 분류: 한식, 나물",AIHub-74,,auto
우거지나물무침,한식,무침,우거지,,,,무침,,,"우거지나물무침 / 주요 재료: 우거지 / 조리법: 무침 / 분류: 한식, 무침",AIHub-74,,auto
골뱅이무침,,무침,골뱅이,,,,무침,,,골뱅이무침 / 주요 재료: 골뱅이 / 조리법: 무침 / 분류: 무침,AIHub-74,,auto
김무침,,무침,김,,,,무침,,,김무침 / 주요 재료: 김 / 조리법: 무침 / 분류: 무침,AIHub-74,,auto
미역초무침,,무침,미역,,,새콤,무침,,,미역초무침 / 주요 재료: 미역 / 조리법: 무침 / 분류: 무침,AIHub-74,,auto
북어채무침,,무침,북어,,,,무침,,,북어채무침 / 주요 재료: 북어 / 조리법: 무침 / 분류: 무침,AIHub-74,,auto
회무침,,무침,생선회,,,,무침,,,회무침 / 주요 재료: 생선회 / 조리법: 무침 / 분류: 무침,AIHub-74,,auto
쥐치채,한식,반찬,쥐치,,,,,,,"쥐치채 / 주요 재료: 쥐치 / 분류: 한식, 반찬",AIHub-74,,auto
파래무침,,무침,파래,,,,무침,,,파래무침 / 주요 재료: 파래 / 조리법: 무침 / 분류: 무침,AIHub-74,,auto
홍어무침,,무침,홍어,,,,무침,,,홍어무침 / 주요 재료: 홍어 / 조리법: 무침 / 분류: 무침,AIHub-74,,auto
골뱅이국수무침,한식,국,골뱅이|면,,,,끓임|무침,면,,"골뱅이국수무침 / 주요 재료: 골뱅이, 면 / 조리법: 끓임, 무침 / 분류: 한식, 국",AIHub-74,,auto
오징어무침,,무침,오징어,,,,무침,,,오징어무침 / 주요 재료: 오징어 / 조리법: 무침 / 분류: 무침,AIHub-74,,auto
잡채,한식,볶음,당면,,,,볶음,면,,"잡채 / 주요 재료: 당면 / 조리법: 볶음 / 분류: 한식, 볶음",AIHub-74,,auto
탕평채,한식,무침,청포묵,,,,무침|끓임,,,"탕평채 / 주요 재료: 청포묵 / 조리법: 무침, 끓임 / 분류: 한식, 무침",AIHub-74,,auto
갓김치,한식,김치,갓,,,,발효,,,"갓김치 / 주요 재료: 갓 / 조리법: 발효 / 분류: 한식, 김치",AIHub-74,,auto
고들빼기,한식,김치,고들빼기,,,,발효,,,"고들빼기 / 주요 재료: 고들빼기 / 조리법: 발효 / 분류: 한식, 김치",AIHub-74,,auto
깍두기,한식,김치,무,,,,발효,,,"깍두기 / 주요 재료: 무 / 조리법: 발효 / 분류: 한식, 김치",AIHub-74,,auto
깻잎김치,한식,김치,깻잎,,,,발효,,,"깻잎김치 / 주요 재료: 깻잎 / 조리법: 발효 / 분류: 한식, 김치",AIHub-74,,auto
나박김치,한식,김치,무|배추,,,,발효,,,"나박김치 / 주요 재료: 무, 배추 / 조리법: 발효 / 분류: 한식, 김치",AIHub-74,,auto
동치미,한식,김치,무,,,,발효,,,"동치미 / 주요 재료: 무 / 조리법: 발효 / 분류: 한식, 김치",AIHub-74,,auto
배추겉절이,한식,겉절이,배추,,,,무침,,,"배추겉절이 / 주요 재료: 배추 / 조리법: 무침 / 분류: 한식, 겉절이",AIHub-74,,auto
배추김치,한식,김치,배추,,,,발효,,,"배추김치 / 주요 재료: 배추 / 조리법: 발효 / 분류: 한식, 김치",AIHub-74,,auto
백김치,한식,김치,배추,,,,발효,,,"백김치 / 주요 재료: 배추 / 조리법: 발효 / 분류: 한식, 김치",AIHub-74,,auto
부추김치,한식,김치,부추,,,,발효,,,"부추김치 / 주요 재료: 부추 / 조리법: 발효 / 분류: 한식, 김치",AIHub-74,,auto
열무김치,한식,김치,열무,,,,발효,,,"열무김치 / 주요 재료: 열무 / 조리법: 발효 / 분류: 한식, 김치",AIHub-74,,auto
열무얼갈이김치,한식,김치,열무|얼갈이배추,,,,발효,,,"열무얼갈이김치 / 주요 재료: 열무, 얼갈이배추 / 조리법: 발효 / 분류: 한식, 김치",AIHub-74,,auto
오이소박이,한식,김치,오이,,,,발효,,,"오이소박이 / 주요 재료: 오이 / 조리법: 발효 / 분류: 한식, 김치",AIHub-74,,auto
총각김치,한식,김치,무,,,,발효,,,"총각김치 / 주요 재료: 무 / 조리법: 발효 / 분류: 한식, 김치",AIHub-74,,auto
파김치,한식,김치,파,,,,발효,,,"파김치 / 주요 재료: 파 / 조리법: 발효 / 분류: 한식, 김치",AIHub-74,,auto
간장게장,한식,게장,게,,,,절임,,,"간장게장 / 주요 재료: 게 / 조리법: 절임 / 분류: 한식, 게장",AIHub-74,,auto
마늘쫑장아찌,한식,장아찌,마늘쫑,,,,절임,,,"마늘쫑장아찌 / 주요 재료: 마늘쫑 / 조리법: 절임 / 분류: 한식, 장아찌",AIHub-74,,auto
고추장아찌,한식,장아찌,고추,,,,절임,,,"고추장아찌 / 주요 재료: 고추 / 조리법: 절임 / 분류: 한식, 장아찌",AIHub-74,,auto
깻잎장아찌,한식,장아찌,깻잎,,,,절임,,,"깻잎장아찌 / 주요 재료: 깻잎 / 조리법: 절임 / 분류: 한식, 장아찌",AIHub-74,,auto
마늘장아찌,한식,장아찌,마늘,,,,절임,,,"마늘장아찌 / 주요 재료: 마늘 / 조리법: 절임 / 분류: 한식, 장아찌",AIHub-74,,auto
무장아찌,한식,장아찌,무,,,,절임,,,"무장아찌 / 주요 재료: 무 / 조리법: 절임 / 분류: 한식, 장아찌",AIHub-74,,auto
양념게장,한식,게장,게,,,,양념,,,"양념게장 / 주요 재료: 게 / 조리법: 양념 / 분류: 한식, 게장",AIHub-74,,auto
양파장아찌,한식,장아찌,양파,,,,절임,,,"양파장아찌 / 주요 재료: 양파 / 조리법: 절임 / 분류: 한식, 장아찌",AIHub-74,,auto
오이지,한식,장아찌,오이,,,,절임,,,"오이지 / 주요 재료: 오이 / 조리법: 절임 / 분류: 한식, 장아찌",AIHub-74,,auto
무피클,,피클,무,,,,절임,,,무피클 / 주요 재료: 무 / 조리법: 절임 / 분류: 피클,AIHub-74,,auto
오이피클,,피클,오이,,,,절임,,,오이피클 / 주요 재료: 오이 / 조리법: 절임 / 분류: 피클,AIHub-74,,auto
단무지,,절임,무,,,,절임,,,단무지 / 주요 재료: 무 / 조리법: 절임 / 분류: 절임,AIHub-74,,auto
오징어젓갈,한식,젓갈,오징어,,,,염장,,,"오징어젓갈 / 주요 재료: 오징어 / 조리법: 염장 / 분류: 한식, 젓갈",AIHub-74,,auto
명란젓,한식,젓갈,명란,,,,염장,,,"명란젓 / 주요 재료: 명란 / 조리법: 염장 / 분류: 한식, 젓갈",AIHub-74,,auto
생연어,,회,연어,,,,생식,,,생연어 / 주요 재료: 연어 / 조리법: 생식 / 분류: 회,AIHub-74,,auto
생선물회,한식,물회,생선,,,,비빔,,,"생선물회 / 주요 재료: 생선 / 조리법: 비빔 / 분류: 한식, 물회",AIHub-74,,auto
광어회,한식,회,광어,,,,생식,,,"광어회 / 주요 재료: 광어 / 조리법: 생식 / 분류: 한식, 회",AIHub-74,,auto
훈제연어,,훈제,연어,,,,훈제,,,훈제연어 / 주요 재료: 연어 / 조리법: 훈제 / 분류: 훈제,AIHub-74,,auto
육회,한식,회,소고기,,,,생식,,,"육회 / 주요 재료: 소고기 / 조리법: 생식 / 분류: 한식, 회",AIHub-74,,auto
육사시미,한식,회,소고기,,,,생식,,,"육사시미 / 주요 재료: 소고기 / 조리법: 생식 / 분류: 한식, 회",AIHub-74,,auto
가래떡,한식,떡,쌀,,,,,,,"가래떡 / 주요 재료: 쌀 / 분류: 한식, 떡",AIHub-74,,auto
경단,한식,떡,찹쌀,,,,삶기,밥,,"경단 / 주요 재료: 찹쌀 / 조리법: 삶기 / 분류: 한식, 떡",AIHub-74,,auto
꿀떡,한식,떡,쌀,,,달콤,,,,"꿀떡 / 주요 재료: 쌀 / 분류: 한식, 떡",AIHub-74,,auto
시루떡,한식,떡,쌀,,,,,,,"시루떡 / 주요 재료: 쌀 / 분류: 한식, 떡",AIHub-74,,auto
메밀전병,한식,전,메밀,,,,부침,,,"메밀전병 / 주요 재료: 메밀 / 조리법: 부침 / 분류: 한식, 전",AIHub-74,,auto
찰떡,한식,떡,찹쌀,,,,,,,"찰떡 / 주요 재료: 찹쌀 / 분류: 한식, 떡",AIHub-74,,auto
무지개떡,한식,떡,쌀,,,,,,,"무지개떡 / 주요 재료: 쌀 / 분류: 한식, 떡",AIHub-74,,auto
백설기,한식,떡,쌀,,,,찜,밥,,"백설기 / 주요 재료: 쌀 / 조리법: 찜 / 분류: 한식, 떡",AIHub-74,,auto
송편,한식,떡,쌀,,,,찜,밥,,"송편 / 주요 재료: 쌀 / 조리법: 찜 / 분류: 한식, 떡",AIHub-74,,auto
수수부꾸미,한식,떡,수수,,,,부침,,,"수수부꾸미 / 주요 재료: 수수 / 조리법: 부침 / 분류: 한식, 떡",AIHub-74,,auto
수수팥떡,한식,떡,팥|쌀,,,,,,,"수수팥떡 / 주요 재료: 팥, 쌀 / 분류: 한식, 떡",AIHub-74,,auto
쑥떡,한식,떡,쑥|쌀,,,,,,,"쑥떡 / 주요 재료: 쑥, 쌀 / 분류: 한식, 떡",AIHub-74,,auto
약식,한식,떡,찹쌀,,,,찜,밥,,"약식 / 주요 재료: 찹쌀 / 조리법: 찜 / 분류: 한식, 떡",AIHub-74,,auto
인절미,한식,떡,찹쌀,,,,찜,밥,,"인절미 / 주요 재료: 찹쌀 / 조리법: 찜 / 분류: 한식, 떡",AIHub-74,,auto
절편,한식,떡,쌀,,,,찜,밥,,"절편 / 주요 재료: 쌀 / 조리법: 찜 / 분류: 한식, 떡",AIHub-74,,auto
증편,한식,떡,쌀,,,,발효|찜,밥,,"증편 / 주요 재료: 쌀 / 조리법: 발효, 찜 / 분류: 한식, 떡",AIHub-74,,auto
찹쌀떡,한식,떡,찹쌀,,,,,,,"찹쌀떡 / 주요 재료: 찹쌀 / 분류: 한식, 떡",AIHub-74,,auto
매작과,한식,한과,밀가루,,,,튀김,,,"매작과 / 주요 재료: 밀가루 / 조리법: 튀김 / 분류: 한식, 한과",AIHub-74,,auto
다식,한식,한과,곡물가루,,,,,,,"다식 / 주요 재료: 곡물가루 / 분류: 한식, 한과",AIHub-74,,auto
약과,한식,한과,밀가루,,,,튀김,,,"약과 / 주요 재료: 밀가루 / 조리법: 튀김 / 분류: 한식, 한과",AIHub-74,,auto
유과,한식,한과,찹쌀,,,,튀김,,,"유과 / 주요 재료: 찹쌀 / 조리법: 튀김 / 분류: 한식, 한과",AIHub-74,,auto
산자,한식,한과,찹쌀,,,,튀김,,,"산자 / 주요 재료: 찹쌀 / 조리법: 튀김 / 분류: 한식, 한과",AIHub-74,,auto
깨강정,한식,한과,참깨,,,,,,,"깨강정 / 주요 재료: 참깨 / 분류: 한식, 한과",AIHub-74,,auto
