food_name,image_count
00000000,13187
01011001,1595
01012001,8
01012002,1584
01012003,1531
01012004,1557
01012005,1587
01012006,1605
01013001,1547
01013002,1557
01014001,1630
01014002,1688
01014003,1635
01014004,1487
01014005,1608
01014006,1544
01014007,1576
01014008,1579
01014009,1558
01014010,1585
01014011,1604
01014012,1597
01014013,1567
01015002,1506
01015003,1509
01015004,1593
01015005,1687
01015006,1594
01015007,1527
01015008,1578
01015009,1626
01015010,1547
01015011,1516
01015012,1570
01015013,1629
01015014,1550
01015015,1594
01015016,1584
01015017,1614
01015018,1600
01015019,1577
01016001,1593
01016002,1352
01016003,1582
01016004,1584
01016005,1447
01016006,1504
01016007,1978
01016008,1519
01016009,1619
01016010,1570
01016011,1578
01016012,1598
01016013,1566
01016014,2049
01016015,1597
01016017,1705
01016018,1485
01016019,1561
01016020,1514
02011001,1594
02011002,1473
02011003,1560
02011004,1529
02011005,1553
02011006,1616
02011007,1507
02011008,1545
02011009,1739
02011010,1799
02011011,1508
02011012,1453
02011013,1537
02011014,1708
02011015,1474
02011016,1554
02011017,1602
02011018,1607
02011019,1527
02011020,1782
02011021,1583
02011023,1602
02011024,1950
02011025,1398
02011027,1740
02011028,1859
02011029,1745
02011030,1512
02011031,1474
02011032,1472
02011033,1659
02011034,1783
02011035,1767
02011036,1534
02011037,1547
02011038,1813
02011039,1676
02011040,1593
02012001,1622
02012002,1736
02012003,1594
02012004,1612
02012005,1711
03011001,1596
03011002,1577
03011003,1624
03011004,1605
03011005,1622
03011006,45
03011007,1563
03011008,1694
03011009,1591
03011010,1632
03011011,1621
03012001,1584
03012002,1634
04011001,1595
04011002,1582
04011003,1645
04011004,1488
04011005,1729
04011006,1532
04011007,2082
04011008,1779
04011010,1500
04011011,1832
04011012,1500
04011013,1728
04011014,1387
04011015,1485
04011016,1599
04012001,1412
04012002,1662
04012003,1739
04012004,1584
04012005,1532
04012006,1621
04012007,2027
04012008,2184
04012009,1531
04012010,1448
04012011,1469
04012012,1456
04012013,1671
04013002,2133
04013003,1559
04013004,1495
04013005,1594
04013006,1600
04013007,1451
04013008,1526
04013009,1535
04013010,1574
04013011,1581
04013012,1565
04013013,1566
04013014,1548
04013015,1609
04013017,1579
04013018,1598
04013019,1592
04013020,1352
04013021,1453
04013022,1571
04013023,1933
04013024,1504
04014001,1402
04015001,1526
04015002,1568
04015003,1573
04016001,1634
04017001,1703
04017002,1919
04018001,1444
04018002,1517
04018003,1569
04018004,1450
04019001,1513
04019002,1536
04019003,1607
04019004,1678
04019005,1576
04019006,1601
04019007,1520
04019008,1924
05011001,1583
05011002,1568
05011004,1630
05011008,1494
05011010,1529
05011011,1619
05011012,1520
05012001,1589
05012002,1536
05012003,1654
05012004,1573
05012005,1662
05013001,1599
06012001,1655
06012002,1625
06012003,1473
06012004,1870
06012005,1643
06012006,1468
06012007,1611
06012008,1685
06012009,1580
06012010,1548
06012011,1555
06012012,1637
06012013,1544
06013001,1595
06013002,1627
06013003,1613
06014001,1592
07011001,1613
07011002,1535
07011003,1396
07011004,1567
07012001,1797
07012002,1671
07012003,1519
07013001,1594
07013002,1578
07013003,1691
07013004,1555
07013005,1612
07013006,1636
07013007,1592
07013008,1619
07013009,1853
07013010,1565
07013011,1478
07013012,1629
07013013,1634
07014001,1602
07014002,1671
07014003,1565
08011001,1673
08011002,1386
08011003,1618
08011004,1655
08011005,1842
08011006,1617
08011007,1563
08011008,1521
08012001,1637
08012002,1672
08012003,1619
08012004,1654
08012005,1598
08012006,1365
08012007,1693
08012008,1585
08012009,1513
08012010,1585
08013001,1625
08013002,1508
08013003,1704
08013004,1548
08013005,1595
08013006,1734
08014001,1720
08014002,1643
08014003,1422
09011001,1556
09011002,1586
09011003,1501
09011004,1608
09011005,1606
09011006,1554
09011007,1567
09011008,1579
09012001,1688
09012002,1576
09013001,1546
09013002,1695
09014001,1644
09014002,1551
09014003,1763
09014004,1598
09015001,1573
09015002,1604
09015003,1652
09016001,1579
10011001,1562
10011002,1655
10011003,1453
10011004,1613
10011005,1657
10012001,1585
10012002,1656
10012003,1857
10012004,1583
10012005,1658
10012006,1549
10012007,1345
10012008,1620
10012009,1578
10014001,1603
10014002,1606
10014003,1887
10014004,1669
10014005,1741
10014006,1607
11011001,1494
11011002,1632
11011003,1597
11011004,1550
11011005,1576
11011006,1636
11011007,1614
11011008,1689
11011009,1550
11011010,1624
11011011,1590
11012001,1606
11012002,1593
11012003,1626
11012004,1644
11013001,1648
11013002,1629
11013003,1649
11013004,1614
11013005,1620
11013006,1620
11013007,1589
11013009,1607
11013010,1597
11013011,1746
11013012,1621
11014001,1613
11014002,1598
11014003,1716
11014004,1616
11014005,1506
11014006,1500
11014007,1573
11014008,1602
11014009,1583
11014010,1653
11015001,1827
11015002,1596
12011001,1606
12011002,1582
12011003,1611
12011004,1594
12011005,1603
12011006,1747
12011007,1646
12011008,1580
12011009,1621
12011010,1589
12011011,1642
12011012,1587
12011013,1586
12011014,1610
12011015,1601
13011001,1575
13011002,1567
13011003,1629
13011004,1615
13011005,1564
13011006,1546
13011007,1626
13011008,1622
13011009,1563
13011010,1577
13011011,1603
13011012,1442
13012001,1550
13012002,1665
14011001,1571
14011002,1528
14011004,1613
14011005,1606
14012001,1625
14012002,1548
15011001,1588
15011002,1600
15011003,1613
15011004,1594
15011005,1670
15011006,1632
15011007,1604
15011008,1602
15011009,1587
15011010,1611
15011011,1590
15011012,1625
15011013,1589
15011014,1634
15011015,1630
15011016,1587
15011017,1564
16011001,1605
16011002,1625
16011003,1566
16011004,1595
16011005,1604
16011006,1624
FOOD,84
[],286
diish,79
─½╖╣╢≤└╠╜║,18
─ß│¬╣░,15
─ß│¬╣░▒╣,7
─ß┴╢╕▓,6
─ß║±┴÷┬ε░│,4
─ß╣Σ,28
─í┴ε╡╖░í╜║,3
─í┴ε▒Φ╣Σ,8
─í┼▓░í╜║,2
─┌┤┘╕«┴╢╕▓,22
─╢╕«╞≈┤╧╛╞╖╤,4
│δ░ó╣½─º,1
│≤╛ε├╩╣Σ,2
│╗└σ┼┴,6
┐¡╣½║±║÷╣Σ,57
┐¡╣½▒Φ─í,14
┐¡╣½▒Φ─í▒╣╝÷,1
┐¼╛ε├╩╣Σ,28
┐¼╛ε╖╤,2
┐¼▒┘┴╢╕▓,11
┐∞╖╖╡╚└σ▒╣,3
┐∞╛√┴╢╕▓,6
┐∞░┼┴÷│¬╣░╣½─º,9
┐∞░┼┴÷╟╪└σ▒╣,5
┐∞░┼┴÷╡╚└σ▒╣,4
┐└└╠┴÷,13
┐└└╠╗²├ñ,6
┐└└╠╝╥╣┌└╠,10
┐└└╠╟╟┼¼,13
┐└└╧╝╥╜║╜║╞─░╘╞╝,6
┐└┬í╛ε├ñ║║└╜,16
┐└┬í╛ε┴ú░Ñ,12
┐└┬í╛ε╞ó▒Φ,6
┐└┬í╛ε╡ñ╣Σ,2
┐└╕«┼┴,2
┐└╕«║╥░φ▒Γ,11
┐└╗∩║╥░φ▒Γ,4
┐└╣╟╢≤└╠╜║,19
┐└░ε╣Σ,2
┐╡╛τ╡╣╝▄╣Σ,1
└»║╬├╩╣Σ,36
└Γ├ñ,10
└Γ├ñ╣Σ,2
└Γ░ε╣Σ,33
└σ╛ε├╩╣Σ,8
└σ╛ε╡ñ╣Σ,2
└ⁿ┴╓─ß│¬╣░▒╣╣Σ,4
└ⁿ┴╓║±║÷╣Σ,1
└┌└σ╕Θ,10
└┌└σ╣Σ,32
└╧╜─┐∞╡┐,12
└╧╣▌║±║÷╣Σ,2
└╧╣▌▒Φ╣Σ,47
└░╚╕║±║÷╣Σ,3
└░░│└σ,29
├ñ╝╥╞ó▒Φ,5
├╗▒╣└σ┬ε░│,15
├╤░ó▒Φ─í,10
├▀╛ε┼┴,6
┤⌡┤÷╣½─º,22
┤⌡┤÷▒╕└╠,1
┤└┼╕╕«╣÷╝╕║║└╜,4
┤▀─«▒╣╝÷,9
┤▀║║└╜┼┴,13
┤▀╞ó▒Φ,40
┤▀░¡┴ñ,8
┤▀░Ñ║±,11
┤▀░⌡┼┴,3
┤▀░│└σ,14
┤▀▓┐─í,1
┤▄╣½┴÷,162
┤▄╣½┴÷╣½─º,13
┤▐╖í│¬╣░╣½─º,2
┤▐░┐└σ┴╢╕▓,17
┤▐░┐╕╗└╠,5
┬²╜╥╢▒,26
┬½╗═╣Σ,74
┬ⁿ─í╕╢┐Σ╗∩░ó▒Φ╣Σ,6
┬ⁿ─í▒Φ╣Σ,15
┬ⁿ▓┐╕╖,17
┬≥┤▀,14
┴ª└░╡ñ╣Σ,16
┴π─í├ñ,82
┴π╞≈╞ó▒Φ,6
┴╖╣▀,14
┴╢▒Γ┬≥,4
┴╢▒Γ┴╢╕▓,2
┼Σ╢⌡▒╣,1
┼┴╝÷└░,22
┼┴▒╣,1
║±║÷│├╕Θ,6
║±║÷╣Σ,9
║±║÷▒╣╝÷,8
║║└╜┐∞╡┐,81
║║└╜╣Σ,3
║╕╕«╣Σ,59
║╥░φ▒Γ,10
║╥░φ▒Γ╡ñ╣Σ,40
║╧╛ε┴╢╕▓,16
║╬├▀└ⁿ,2
║╬├▀▒Φ─í,5
║╬┤δ┬ε░│,18
╕φ╢⌡┴ú,3
╕┼┐ε┼┴,3
╕┼└█░·,4
╕╢┤├┬╨└σ╛╞┬ε,7
╕╢╞─╡╬║╬,24
╕▐├▀╕«╛╦└σ┴╢╕▓,3
╗°╖»╡σ▒Φ╣Σ,4
╗²╝▒░í╜║,7
╗Ω├ñ║±║÷╣Σ,3
╗∩╝▒└┌└σ╕Θ,5
╗∩╝▒┬½╗═,6
╗∩╝▒║║└╜╣Σ,85
╗∩░Φ┼┴,4
╗⌡┐∞├╩╣Σ,15
╗⌡┐∞║║└╜╣Σ,3
╗⌡┐∞╞ó▒Φ,11
╗⌡┐∞╞ó▒Φ╖╤,4
╗└┤┘▒═╟╪└σ▒╣,15
╚½╛ε╣½─º,4
╚½╟╒╣╠┐¬▒╣,1
╚ú╣┌└ⁿ,4
╚ú╣┌┬ε░│,10
╚ú╣┌║║└╜,64
╚ú╣┌║╬─º░│,1
╚╕╡ñ╣Σ,4
╚╕╣½─º,1
╚╞┴ª┐└╕«,1
╛α├╩║±║÷╣Σ,1
╛ε╣¼▒╣,11
╛τ│Σ─í┼▓,6
╛╞┐φ╡╚└σ▒╣,6
╛╞▒═┬≥,15
╛╦┼┴,2
╛╦╣Σ,8
╛╦░¿└┌┴╢╕▓,2
╛▀├ñ└ⁿ,1
╜├╖í▒Γ╡╚└σ▒╣,19
╜├▒▌─í╡╚└σ▒╣,1
╜╥╣Σ,36
╜╥▒╣╝÷,10
╝°┤δ║║└╜,4
╝°┤δ▒╣,1
╝°┤δ▒╣╣Σ,7
╝°╡╬║╬┬ε░│,13
╝÷┴ª║±,12
╝│╖╖┼┴,1
╝╥║╥░φ▒Γ,7
╝╥╛τ│Σ░Ñ║±▒╕└╠,7
╝╥╝╝┴÷║║└╜,9
╝╥░Ñ║±┬≥,9
╝╥░÷├ó▒╕└╠,3
╝╥░φ▒Γ└ⁿ░±,2
╝╥░φ▒Γ╕▐├▀╕«╛╦└σ┴╢╕▓,3
╝╥░φ▒Γ╣½▒╣,12
╝╥░φ▒Γ╣╠┐¬▒╣,4
╝╥░φ▒Γ▒Φ╣Σ,10
╝╥░φ▒Γ▒╣╣Σ,13
╝▒┴÷╟╪└σ▒╣,9
╞─└ⁿ,1
╞─╖í╣½─º,11
╞─╣½─º,43
╞─▒Φ─í,22
╟╤─í├╩╣Σ,1
╟╪╣░┬≥,5
╟╪╣░║║└╜╣Σ,3
╟╪╣░╞─└ⁿ,1
╟╪╣░╡ñ╣Σ,1
╟▄║╬─º,1
╟▄▒Φ─í┬ε░│,1
╡Θ▒·─«▒╣╝÷,9
╡┐┼┬└ⁿ,1
╡┐┼┬┬ε░│,4
╡┐▒╫╢√╢»,1
╡┼┴÷░Ñ║±,7
╡┼┴÷░Ñ║±┬≥,12
╡┼┴÷░φ▒Γ║║└╜,11
╡┼┴÷░φ▒Γ╝÷└░,26
╡┼┴÷▒╣╣Σ,2
╡╚└σ┬ε░│,31
╡╡┼Σ╕«╣¼,25
╡╡╢≤┴÷╗²├ñ,7
╡╡╣╠┬≥,2
╡╣╝▄╣Σ,10
╡╬║╬└ⁿ░±,6
╡╬║╬║╬─º,33
╡╬║╬░φ├▀└σ┴╢╕▓,27
╡╬║╬▒Φ─í,6
╡╬║╬▒╕└╠,4
╢Ñ─ß┴╢╕▓,23
╢≤║║└╠,36
╢≤╕Θ,35
╢▒║║└╠,2
╢▒╢≤╕Θ,14
╢▒░Ñ║±,11
╣«╛ε├╩╣Σ,2
╣«╛ε╝≈╚╕,5
╣½└σ╛╞┬ε,83
╣½╕╗╖⌐└╠,13
╣½╗²├ñ,20
╣½╟╟┼¼,5
╣Θ▒Φ─í,39
╣Φ├▀╡╚└σ▒╣,11
╣Φ├▀▒Φ─í,29
╣┘┴÷╢⌠┴╢░│▒╣,1
╣╠┐¬┐└└╠│├▒╣,14
╣╠┐¬├╩╣½─º,18
╣╠╝╥╡╚└σ▒╣,23
░±╣≡└╠╣½─º,2
░¿└┌┼┴,8
░¿└┌║║└╜,12
░¿└┌╞ó▒Φ,22
░¿└┌╣Σ,37
░Ñ─í┴╢╕▓,14
░Ñ║±┼┴,8
░í└┌╣╠┴╢╕▓,11
░÷├ó└ⁿ░±,2
░ú└σ░╘└σ,2
░ú└┌└σ,4
░φ├▀└Γ├ñ,83
░φ├▀└σ┬ε░│,136
░φ├▀└σ╛╞┬ε,4
░φ├▀┴╢╕▓,6
░φ├▀╞ó▒Φ,9
░φ╡Θ╗⌐▒Γ,13
░φ╡ε╛ε┬ε░│,37
░φ╡ε╛ε┴╢╕▓,19
░φ▒Γ╕╕╡╬,1
░φ▒╕╕╢┴┘▒Γ│¬╣░,1
░φ▒╕╕╢╕└┼┴,6
░φ▒╕╕╢╞ó▒Φ,11
░∩╡σ╖╣╣Σ,47
░⌡┼┴,10
▒±╟│▒Γ,2
▒ñ╛ε├╩╣Σ,20
▒Γ╜║╕Θ,1
▒Φ─í┐∞╡┐,4
▒Φ─í└ⁿ,5
▒Φ─í┬ε░│,49
▒Φ─í║║└╜,6
▒Φ─í║║└╜╣Σ,7
▒Φ─í╢≤╕Θ,14
▒Φ─í▒Φ╣Σ,4
▒Φ╕╗└╠╞ó▒Φ,10
▒Φ╣½─º,7
▒┘┤δ╡╚└σ▒╣,6
▒╝┬½╗═,2
▓ó└┘│¬╣░║║└╜,1
▓ó└┘└ⁿ,1
▓╔░╘┼┴,5
▓╟─í┬ε░│,2
▓╟─í┴╢╕▓,11
김치찌개,213
도라시생채,18
두부간장조림,50
멸치주먹밥,45
물회,10
부추무침,107
비빔밥,154
새우젓두부찌개,5
선지해장국,31
선짓국,3
연근조림,70
영양돌솥밥,31
오곡밥,206
잡곡밥,1320
잣국,1598
중식우동,13
참치덮밥,10
